cue_probability,n_episodes,seed,delta,tolerance,reward_gap,selected_memory,certificate,certified,correct_memory_certified,false_short_certification,true_uniform_loss,certificate_valid,q_interval_coverage,rare_final_min_count
0.5,50,0,0.05,0.1,0.5,4,0.5277551408113712,False,False,False,0.0,True,True,12
0.5,50,1,0.05,0.1,0.5,4,0.5664485041477891,False,False,False,0.0,True,True,9
0.5,50,2,0.05,0.1,0.5,4,0.5890978806199143,False,False,False,0.0,True,True,8
0.5,50,3,0.05,0.1,0.5,4,0.5512222669860765,False,False,False,0.0,True,True,7
0.5,50,4,0.05,0.1,0.5,4,0.46456685886259763,False,False,False,0.0,True,True,9
0.5,50,5,0.05,0.1,0.5,4,0.5667331080448674,False,False,False,0.0,True,True,12
0.5,50,6,0.05,0.1,0.5,4,0.507050738155612,False,False,False,0.0,True,True,13
0.5,50,7,0.05,0.1,0.5,4,0.690993680334339,False,False,False,0.0,True,True,7
0.5,50,8,0.05,0.1,0.5,4,0.42387596518772447,False,False,False,0.0,True,True,10
0.5,50,9,0.05,0.1,0.5,4,0.690993680334339,False,False,False,0.0,True,True,7
0.5,50,10,0.05,0.1,0.5,4,0.5512222669860765,False,False,False,0.0,True,True,13
0.5,50,11,0.05,0.1,0.5,4,0.507050738155612,False,False,False,0.0,True,True,13
0.5,50,12,0.05,0.1,0.5,4,0.5277551408113712,False,False,False,0.0,True,True,12
0.5,50,13,0.05,0.1,0.5,4,0.5512222669860765,False,False,False,0.0,True,True,11
0.5,50,14,0.05,0.1,0.5,4,0.6093991452273081,False,False,False,0.0,True,True,11
0.5,50,15,0.05,0.1,0.5,4,0.4886063171214607,False,False,False,0.0,True,True,10
0.5,50,16,0.05,0.1,0.5,4,0.5427308041185457,False,False,False,0.0,True,True,17
0.5,50,17,0.05,0.1,0.5,4,0.6093991452273081,False,False,False,0.0,True,True,9
0.5,50,18,0.05,0.1,0.5,4,0.690993680334339,False,False,False,0.0,True,True,7
0.5,50,19,0.05,0.1,0.5,4,0.4514725456336498,False,False,False,0.0,True,True,8
0.5,50,20,0.05,0.1,0.5,4,0.49634434050544474,False,False,False,0.0,True,True,11
0.5,50,21,0.05,0.1,0.5,4,0.5208592694840481,False,False,False,0.0,True,True,13
0.5,50,22,0.05,0.1,0.5,4,0.5667331080448674,False,False,False,0.0,True,True,11
0.5,50,23,0.05,0.1,0.5,4,0.5512222669860765,False,False,False,0.0,True,True,13
0.5,50,24,0.05,0.1,0.5,4,0.507050738155612,False,False,False,0.0,True,True,11
0.5,50,25,0.05,0.1,0.5,4,0.507050738155612,False,False,False,0.0,True,True,12
0.5,50,26,0.05,0.1,0.5,4,0.690993680334339,False,False,False,0.0,True,True,7
0.5,50,27,0.05,0.1,0.5,4,0.6093991452273081,False,False,False,0.0,True,True,9
0.5,50,28,0.05,0.1,0.5,4,0.40879737424755824,False,False,False,0.0,True,True,9
0.5,50,29,0.05,0.1,0.5,4,0.5225485984014445,False,False,False,0.0,True,True,10
0.5,50,30,0.05,0.1,0.5,4,0.6463654020592728,False,False,False,0.0,True,True,14
0.5,50,31,0.05,0.1,0.5,4,0.5074538762039774,False,False,False,0.0,True,True,8
0.5,50,32,0.05,0.1,0.5,4,0.49211457632359057,False,False,False,0.0,True,True,13
0.5,50,33,0.05,0.1,0.5,4,0.6093991452273081,False,False,False,0.0,True,True,11
0.5,50,34,0.05,0.1,0.5,4,0.507050738155612,False,False,False,0.0,True,True,12
0.5,50,35,0.05,0.1,0.5,4,0.51981146668015,False,False,False,0.0,True,True,13
0.5,50,36,0.05,0.1,0.5,4,0.45704935892048104,False,False,False,0.0,True,True,11
0.5,50,37,0.05,0.1,0.5,4,0.5277551408113712,False,False,False,0.0,True,True,8
0.5,50,38,0.05,0.1,0.5,4,0.4215297986763433,False,False,False,0.0,True,True,11
0.5,50,39,0.05,0.1,0.5,4,0.48860631712146074,False,False,False,0.0,True,True,11
0.5,50,40,0.05,0.1,0.5,4,0.5277551408113712,False,False,False,0.0,True,True,12
0.5,50,41,0.05,0.1,0.5,4,0.47203854813167984,False,False,False,0.0,True,True,14
0.5,50,42,0.05,0.1,0.5,4,0.5512222669860765,False,False,False,0.0,True,True,11
0.5,50,43,0.05,0.1,0.5,4,0.6093991452273081,False,False,False,0.0,True,True,9
0.5,50,44,0.05,0.1,0.5,4,0.5781267909234067,False,False,False,0.0,True,True,10
0.5,50,45,0.05,0.1,0.5,4,0.507050738155612,False,False,False,0.0,True,True,13
0.5,50,46,0.05,0.1,0.5,4,0.5398285841075372,False,False,False,0.0,True,True,11
0.5,50,47,0.05,0.1,0.5,4,0.5512222669860765,False,False,False,0.0,True,True,14
0.5,50,48,0.05,0.1,0.5,4,0.507050738155612,False,False,False,0.0,True,True,13
0.5,50,49,0.05,0.1,0.5,4,0.49634434050544474,False,False,False,0.0,True,True,10
0.5,100,0,0.05,0.1,0.5,4,0.23409146039920714,False,False,False,0.0,True,True,22
0.5,100,1,0.05,0.1,0.5,4,0.3201698349093411,False,False,False,0.0,True,True,22
0.5,100,2,0.05,0.1,0.5,4,0.3692057039565127,False,False,False,0.0,True,True,22
0.5,100,3,0.05,0.1,0.5,4,0.19315630305717435,False,False,False,0.0,True,True,21
0.5,100,4,0.05,0.1,0.5,4,0.20872233300265264,False,False,False,0.0,True,True,21
0.5,100,5,0.05,0.1,0.5,4,0.3394877410733739,False,False,False,0.0,True,True,23
0.5,100,6,0.05,0.1,0.5,4,0.3518367605409142,False,False,False,0.0,True,True,22
0.5,100,7,0.05,0.1,0.5,4,0.27004584578772795,False,False,False,0.0,True,True,24
0.5,100,8,0.05,0.1,0.5,4,0.34628557513399144,False,False,False,0.0,True,True,25
0.5,100,9,0.05,0.1,0.5,4,0.2118941833237702,False,False,False,0.0,True,True,20
0.5,100,10,0.05,0.1,0.5,4,0.2965497551759,False,False,False,0.0,True,True,25
0.5,100,11,0.05,0.1,0.5,4,0.33922110919144494,False,False,False,0.0,True,True,23
0.5,100,12,0.05,0.1,0.5,4,0.3989453873493609,False,False,False,0.0,True,True,30
0.5,100,13,0.05,0.1,0.5,4,0.34844018461125387,False,False,False,0.0,True,True,21
0.5,100,14,0.05,0.1,0.5,4,0.33881872601016666,False,False,False,0.0,True,True,24
0.5,100,15,0.05,0.1,0.5,4,0.24923938957395675,False,False,False,0.0,True,True,23
0.5,100,16,0.05,0.1,0.5,4,0.3278417240976863,False,False,False,0.0,True,True,20
0.5,100,17,0.05,0.1,0.5,4,0.33420235606038307,False,False,False,0.0,True,True,22
0.5,100,18,0.05,0.1,0.5,4,0.16450339915417017,False,False,False,0.0,True,True,22
0.5,100,19,0.05,0.1,0.5,4,0.1971520593435001,False,False,False,0.0,True,True,24
0.5,100,20,0.05,0.1,0.5,4,0.25926422063974264,False,False,False,0.0,True,True,24
0.5,100,21,0.05,0.1,0.5,4,0.3872993703736733,False,False,False,0.0,True,True,21
0.5,100,22,0.05,0.1,0.5,4,0.2754124900632611,False,False,False,0.0,True,True,22
0.5,100,23,0.05,0.1,0.5,4,0.19315630305717435,False,False,False,0.0,True,True,27
0.5,100,24,0.05,0.1,0.5,4,0.2899261933006763,False,False,False,0.0,True,True,27
0.5,100,25,0.05,0.1,0.5,4,0.2937665637368996,False,False,False,0.0,True,True,26
0.5,100,26,0.05,0.1,0.5,4,0.36563948713638483,False,False,False,0.0,True,True,25
0.5,100,27,0.05,0.1,0.5,4,0.18165384211389307,False,False,False,0.0,True,True,23
0.5,100,28,0.05,0.1,0.5,4,0.3585390153554778,False,False,False,0.0,True,True,26
0.5,100,29,0.05,0.1,0.5,4,0.32841637025779774,False,False,False,0.0,True,True,19
0.5,100,30,0.05,0.1,0.5,4,0.10879388710724719,False,False,False,0.0,True,True,25
0.5,100,31,0.05,0.1,0.5,4,0.2841785024918626,False,False,False,0.0,True,True,23
0.5,100,32,0.05,0.1,0.5,4,0.3468450042182479,False,False,False,0.0,True,True,23
0.5,100,33,0.05,0.1,0.5,4,0.38120551708186307,False,False,False,0.0,True,True,25
0.5,100,34,0.05,0.1,0.5,4,0.16129847428615285,False,False,False,0.0,True,True,18
0.5,100,35,0.05,0.1,0.5,4,0.27097852000873934,False,False,False,0.0,True,True,22
0.5,100,36,0.05,0.1,0.5,4,0.37317923887378185,False,False,False,0.0,True,True,22
0.5,100,37,0.05,0.1,0.5,4,0.350015999414696,False,False,False,0.0,True,True,24
0.5,100,38,0.05,0.1,0.5,4,0.3319766131213401,False,False,False,0.0,True,True,20
0.5,100,39,0.05,0.1,0.5,4,0.22697262408075125,False,False,False,0.0,True,True,23
0.5,100,40,0.05,0.1,0.5,4,0.24857037717443442,False,False,False,0.0,True,True,28
0.5,100,41,0.05,0.1,0.5,4,0.3236828276211394,False,False,False,0.0,True,True,19
0.5,100,42,0.05,0.1,0.5,4,0.2379346374655818,False,False,False,0.0,True,True,23
0.5,100,43,0.05,0.1,0.5,4,0.31546764055197435,False,False,False,0.0,True,True,19
0.5,100,44,0.05,0.1,0.5,4,0.3091902592941241,False,False,False,0.0,True,True,19
0.5,100,45,0.05,0.1,0.5,4,0.23526984309404586,False,False,False,0.0,True,True,19
0.5,100,46,0.05,0.1,0.5,4,0.2221920396003469,False,False,False,0.0,True,True,27
0.5,100,47,0.05,0.1,0.5,4,0.33127897427276964,False,False,False,0.0,True,True,25
0.5,100,48,0.05,0.1,0.5,4,0.2982596689271251,False,False,False,0.0,True,True,23
0.5,100,49,0.05,0.1,0.5,4,0.3897730029268763,False,False,False,0.0,True,True,21
0.5,200,0,0.05,0.1,0.5,4,0.037198919460015134,True,True,False,0.0,True,True,41
0.5,200,1,0.05,0.1,0.5,4,0.10144040087087403,False,False,False,0.0,True,True,46
0.5,200,2,0.05,0.1,0.5,4,0.12689522284732957,False,False,False,0.0,True,True,50
0.5,200,3,0.05,0.1,0.5,4,0.11916646784716856,False,False,False,0.0,True,True,44
0.5,200,4,0.05,0.1,0.5,4,0.08890561355348292,True,True,False,0.0,True,True,46
0.5,200,5,0.05,0.1,0.5,4,0.09566692658039377,True,True,False,0.0,True,True,50
0.5,200,6,0.05,0.1,0.5,4,0.05159646444424654,True,True,False,0.0,True,True,43
0.5,200,7,0.05,0.1,0.5,4,0.0,True,True,False,0.0,True,True,50
0.5,200,8,0.05,0.1,0.5,4,0.0,True,True,False,0.0,True,True,46
0.5,200,9,0.05,0.1,0.5,4,0.014545006709356878,True,True,False,0.0,True,True,46
0.5,200,10,0.05,0.1,0.5,4,0.033974681179923,True,True,False,0.0,True,True,47
0.5,200,11,0.05,0.1,0.5,4,0.0,True,True,False,0.0,True,True,41
0.5,200,12,0.05,0.1,0.5,4,0.030724068394584636,True,True,False,0.0,True,True,45
0.5,200,13,0.05,0.1,0.5,4,0.0,True,True,False,0.0,True,True,41
0.5,200,14,0.05,0.1,0.5,4,0.1655468149956315,False,False,False,0.0,True,True,42
0.5,200,15,0.05,0.1,0.5,4,0.08115537056539052,True,True,False,0.0,True,True,44
0.5,200,16,0.05,0.1,0.5,4,0.06772706954623908,True,True,False,0.0,True,True,49
0.5,200,17,0.05,0.1,0.5,4,0.0,True,True,False,0.0,True,True,52
0.5,200,18,0.05,0.1,0.5,4,0.06162144848225004,True,True,False,0.0,True,True,46
0.5,200,19,0.05,0.1,0.5,4,0.04609412097948562,True,True,False,0.0,True,True,47
0.5,200,20,0.05,0.1,0.5,4,0.0,True,True,False,0.0,True,True,41
0.5,200,21,0.05,0.1,0.5,4,0.07709232164741825,True,True,False,0.0,True,True,50
0.5,200,22,0.05,0.1,0.5,4,0.021574783433673916,True,True,False,0.0,True,True,40
0.5,200,23,0.05,0.1,0.5,4,0.07207152990151511,True,True,False,0.0,True,True,49
0.5,200,24,0.05,0.1,0.5,4,0.05433725210595863,True,True,False,0.0,True,True,44
0.5,200,25,0.05,0.1,0.5,4,0.00430789245684593,True,True,False,0.0,True,True,42
0.5,200,26,0.05,0.1,0.5,4,0.10957340810442431,False,False,False,0.0,True,True,37
0.5,200,27,0.05,0.1,0.5,4,0.12365381360652172,False,False,False,0.0,True,True,45
0.5,200,28,0.05,0.1,0.5,4,0.003629701720344519,True,True,False,0.0,True,True,46
0.5,200,29,0.05,0.1,0.5,4,0.07749980118050181,True,True,False,0.0,True,True,47
0.5,200,30,0.05,0.1,0.5,4,0.06216961250125658,True,True,False,0.0,True,True,48
0.5,200,31,0.05,0.1,0.5,4,0.14119869160813156,False,False,False,0.0,True,True,42
0.5,200,32,0.05,0.1,0.5,4,0.15650923514276605,False,False,False,0.0,True,True,39
0.5,200,33,0.05,0.1,0.5,4,0.03804514728514452,True,True,False,0.0,True,True,50
0.5,200,34,0.05,0.1,0.5,4,0.09030704361333744,True,True,False,0.0,True,True,44
0.5,200,35,0.05,0.1,0.5,4,0.10179395618334042,False,False,False,0.0,True,True,46
0.5,200,36,0.05,0.1,0.5,4,0.11090414341551125,False,False,False,0.0,True,True,49
0.5,200,37,0.05,0.1,0.5,4,0.020161303122115948,True,True,False,0.0,True,True,47
0.5,200,38,0.05,0.1,0.5,4,0.11003489697124608,False,False,False,0.0,True,True,46
0.5,200,39,0.05,0.1,0.5,4,0.07981222574069632,True,True,False,0.0,True,True,44
0.5,200,40,0.05,0.1,0.5,4,0.16242373122939474,False,False,False,0.0,True,True,45
0.5,200,41,0.05,0.1,0.5,4,0.07875479575363017,True,True,False,0.0,True,True,34
0.5,200,42,0.05,0.1,0.5,4,0.1487979376443307,False,False,False,0.0,True,True,53
0.5,200,43,0.05,0.1,0.5,4,0.0,True,True,False,0.0,True,True,47
0.5,200,44,0.05,0.1,0.5,4,0.06409039789606141,True,True,False,0.0,True,True,48
0.5,200,45,0.05,0.1,0.5,4,0.10204852052846358,False,False,False,0.0,True,True,44
0.5,200,46,0.05,0.1,0.5,4,0.090534924734334,True,True,False,0.0,True,True,54
0.5,200,47,0.05,0.1,0.5,4,0.10073627281682485,False,False,False,0.0,True,True,43
0.5,200,48,0.05,0.1,0.5,4,0.0,True,True,False,0.0,True,True,46
0.5,200,49,0.05,0.1,0.5,4,0.13272442689614217,False,False,False,0.0,True,True,43
0.5,500,0,0.05,0.1,0.5,4,0.0,True,True,False,0.0,True,True,128
0.5,500,1,0.05,0.1,0.5,4,0.0,True,True,False,0.0,True,True,120
0.5,500,2,0.05,0.1,0.5,4,0.0,True,True,False,0.0,True,True,112
0.5,500,3,0.05,0.1,0.5,4,0.0,True,True,False,0.0,True,True,108
0.5,500,4,0.05,0.1,0.5,4,0.0,True,True,False,0.0,True,True,127
0.5,500,5,0.05,0.1,0.5,4,0.0,True,True,False,0.0,True,True,111
0.5,500,6,0.05,0.1,0.5,4,0.0,True,True,False,0.0,True,True,119
0.5,500,7,0.05,0.1,0.5,4,0.0,True,True,False,0.0,True,True,114
0.5,500,8,0.05,0.1,0.5,4,0.0,True,True,False,0.0,True,True,120
0.5,500,9,0.05,0.1,0.5,4,0.0,True,True,False,0.0,True,True,115
0.5,500,10,0.05,0.1,0.5,4,0.0,True,True,False,0.0,True,True,119
0.5,500,11,0.05,0.1,0.5,4,0.0,True,True,False,0.0,True,True,127
0.5,500,12,0.05,0.1,0.5,4,0.0,True,True,False,0.0,True,True,110
0.5,500,13,0.05,0.1,0.5,4,0.0,True,True,False,0.0,True,True,109
0.5,500,14,0.05,0.1,0.5,4,0.0,True,True,False,0.0,True,True,119
0.5,500,15,0.05,0.1,0.5,4,0.0,True,True,False,0.0,True,True,131
0.5,500,16,0.05,0.1,0.5,4,0.0,True,True,False,0.0,True,True,123
0.5,500,17,0.05,0.1,0.5,4,0.0,True,True,False,0.0,True,True,128
0.5,500,18,0.05,0.1,0.5,4,0.0,True,True,False,0.0,True,True,118
0.5,500,19,0.05,0.1,0.5,4,0.0,True,True,False,0.0,True,True,123
0.5,500,20,0.05,0.1,0.5,4,0.0,True,True,False,0.0,True,True,122
0.5,500,21,0.05,0.1,0.5,4,0.0,True,True,False,0.0,True,True,109
0.5,500,22,0.05,0.1,0.5,4,0.0,True,True,False,0.0,True,True,121
0.5,500,23,0.05,0.1,0.5,4,0.0,True,True,False,0.0,True,True,111
0.5,500,24,0.05,0.1,0.5,4,0.0,True,True,False,0.0,True,True,127
0.5,500,25,0.05,0.1,0.5,4,0.0,True,True,False,0.0,True,True,123
0.5,500,26,0.05,0.1,0.5,4,0.0,True,True,False,0.0,True,True,121
0.5,500,27,0.05,0.1,0.5,4,0.0,True,True,False,0.0,True,True,114
0.5,500,28,0.05,0.1,0.5,4,0.0,True,True,False,0.0,True,True,124
0.5,500,29,0.05,0.1,0.5,4,0.0,True,True,False,0.0,True,True,109
0.5,500,30,0.05,0.1,0.5,4,0.0,True,True,False,0.0,True,True,118
0.5,500,31,0.05,0.1,0.5,4,0.0,True,True,False,0.0,True,True,112
0.5,500,32,0.05,0.1,0.5,4,0.0,True,True,False,0.0,True,True,114
0.5,500,33,0.05,0.1,0.5,4,0.0,True,True,False,0.0,True,True,114
0.5,500,34,0.05,0.1,0.5,4,0.0,True,True,False,0.0,True,True,126
0.5,500,35,0.05,0.1,0.5,4,0.0,True,True,False,0.0,True,True,124
0.5,500,36,0.05,0.1,0.5,4,0.0,True,True,False,0.0,True,True,114
0.5,500,37,0.05,0.1,0.5,4,0.0,True,True,False,0.0,True,True,125
0.5,500,38,0.05,0.1,0.5,4,0.0,True,True,False,0.0,True,True,114
0.5,500,39,0.05,0.1,0.5,4,0.0,True,True,False,0.0,True,True,103
0.5,500,40,0.05,0.1,0.5,4,0.0,True,True,False,0.0,True,True,114
0.5,500,41,0.05,0.1,0.5,4,0.0,True,True,False,0.0,True,True,119
0.5,500,42,0.05,0.1,0.5,4,0.0,True,True,False,0.0,True,True,122
0.5,500,43,0.05,0.1,0.5,4,0.0,True,True,False,0.0,True,True,124
0.5,500,44,0.05,0.1,0.5,4,0.0,True,True,False,0.0,True,True,117
0.5,500,45,0.05,0.1,0.5,4,0.0,True,True,False,0.0,True,True,132
0.5,500,46,0.05,0.1,0.5,4,0.0,True,True,False,0.0,True,True,134
0.5,500,47,0.05,0.1,0.5,4,0.0,True,True,False,0.0,True,True,115
0.5,500,48,0.05,0.1,0.5,4,0.0,True,True,False,0.0,True,True,112
0.5,500,49,0.05,0.1,0.5,4,0.0,True,True,False,0.0,True,True,107
0.5,1000,0,0.05,0.1,0.5,4,0.0,True,True,False,0.0,True,True,238
0.5,1000,1,0.05,0.1,0.5,4,0.0,True,True,False,0.0,True,True,250
0.5,1000,2,0.05,0.1,0.5,4,0.0,True,True,False,0.0,True,True,238
0.5,1000,3,0.05,0.1,0.5,4,0.0,True,True,False,0.0,True,True,238
0.5,1000,4,0.05,0.1,0.5,4,0.0,True,True,False,0.0,True,True,243
0.5,1000,5,0.05,0.1,0.5,4,0.0,True,True,False,0.0,True,True,249
0.5,1000,6,0.05,0.1,0.5,4,0.0,True,True,False,0.0,True,True,253
0.5,1000,7,0.05,0.1,0.5,4,0.0,True,True,False,0.0,True,True,251
0.5,1000,8,0.05,0.1,0.5,4,0.0,True,True,False,0.0,True,True,248
0.5,1000,9,0.05,0.1,0.5,4,0.0,True,True,False,0.0,True,True,240
0.5,1000,10,0.05,0.1,0.5,4,0.0,True,True,False,0.0,True,True,213
0.5,1000,11,0.05,0.1,0.5,4,0.0,True,True,False,0.0,True,True,242
0.5,1000,12,0.05,0.1,0.5,4,0.0,True,True,False,0.0,True,True,242
0.5,1000,13,0.05,0.1,0.5,4,0.0,True,True,False,0.0,True,True,230
0.5,1000,14,0.05,0.1,0.5,4,0.0,True,True,False,0.0,True,True,231
0.5,1000,15,0.05,0.1,0.5,4,0.0,True,True,False,0.0,True,True,234
0.5,1000,16,0.05,0.1,0.5,4,0.0,True,True,False,0.0,True,True,244
0.5,1000,17,0.05,0.1,0.5,4,0.0,True,True,False,0.0,True,True,243
0.5,1000,18,0.05,0.1,0.5,4,0.0,True,True,False,0.0,True,True,246
0.5,1000,19,0.05,0.1,0.5,4,0.0,True,True,False,0.0,True,True,247
0.5,1000,20,0.05,0.1,0.5,4,0.0,True,True,False,0.0,True,True,245
0.5,1000,21,0.05,0.1,0.5,4,0.0,True,True,False,0.0,True,True,241
0.5,1000,22,0.05,0.1,0.5,4,0.0,True,True,False,0.0,True,True,240
0.5,1000,23,0.05,0.1,0.5,4,0.0,True,True,False,0.0,True,True,225
0.5,1000,24,0.05,0.1,0.5,4,0.0,True,True,False,0.0,True,True,245
0.5,1000,25,0.05,0.1,0.5,4,0.0,True,True,False,0.0,True,True,252
0.5,1000,26,0.05,0.1,0.5,4,0.0,True,True,False,0.0,True,True,222
0.5,1000,27,0.05,0.1,0.5,4,0.0,True,True,False,0.0,True,True,253
0.5,1000,28,0.05,0.1,0.5,4,0.0,True,True,False,0.0,True,True,221
0.5,1000,29,0.05,0.1,0.5,4,0.0,True,True,False,0.0,True,True,247
0.5,1000,30,0.05,0.1,0.5,4,0.0,True,True,False,0.0,True,True,220
0.5,1000,31,0.05,0.1,0.5,4,0.0,True,True,False,0.0,True,True,245
0.5,1000,32,0.05,0.1,0.5,4,0.0,True,True,False,0.0,True,True,235
0.5,1000,33,0.05,0.1,0.5,4,0.0,True,True,False,0.0,True,True,239
0.5,1000,34,0.05,0.1,0.5,4,0.0,True,True,False,0.0,True,True,250
0.5,1000,35,0.05,0.1,0.5,4,0.0,True,True,False,0.0,True,True,235
0.5,1000,36,0.05,0.1,0.5,4,0.0,True,True,False,0.0,True,True,228
0.5,1000,37,0.05,0.1,0.5,4,0.0,True,True,False,0.0,True,True,242
0.5,1000,38,0.05,0.1,0.5,4,0.0,True,True,False,0.0,True,True,226
0.5,1000,39,0.05,0.1,0.5,4,0.0,True,True,False,0.0,True,True,227
0.5,1000,40,0.05,0.1,0.5,4,0.0,True,True,False,0.0,True,True,248
0.5,1000,41,0.05,0.1,0.5,4,0.0,True,True,False,0.0,True,True,242
0.5,1000,42,0.05,0.1,0.5,4,0.0,True,True,False,0.0,True,True,238
0.5,1000,43,0.05,0.1,0.5,4,0.0,True,True,False,0.0,True,True,248
0.5,1000,44,0.05,0.1,0.5,4,0.0,True,True,False,0.0,True,True,251
0.5,1000,45,0.05,0.1,0.5,4,0.0,True,True,False,0.0,True,True,242
0.5,1000,46,0.05,0.1,0.5,4,0.0,True,True,False,0.0,True,True,255
0.5,1000,47,0.05,0.1,0.5,4,0.0,True,True,False,0.0,True,True,256
0.5,1000,48,0.05,0.1,0.5,4,0.0,True,True,False,0.0,True,True,257
0.5,1000,49,0.05,0.1,0.5,4,0.0,True,True,False,0.0,True,True,253
0.5,2000,0,0.05,0.1,0.5,4,0.0,True,True,False,0.0,True,True,501
0.5,2000,1,0.05,0.1,0.5,4,0.0,True,True,False,0.0,True,True,499
0.5,2000,2,0.05,0.1,0.5,4,0.0,True,True,False,0.0,True,True,495
0.5,2000,3,0.05,0.1,0.5,4,0.0,True,True,False,0.0,True,True,472
0.5,2000,4,0.05,0.1,0.5,4,0.0,True,True,False,0.0,True,True,479
0.5,2000,5,0.05,0.1,0.5,4,0.0,True,True,False,0.0,True,True,502
0.5,2000,6,0.05,0.1,0.5,4,0.0,True,True,False,0.0,True,True,492
0.5,2000,7,0.05,0.1,0.5,4,0.0,True,True,False,0.0,True,True,489
0.5,2000,8,0.05,0.1,0.5,4,0.0,True,True,False,0.0,True,True,483
0.5,2000,9,0.05,0.1,0.5,4,0.0,True,True,False,0.0,True,True,487
0.5,2000,10,0.05,0.1,0.5,4,0.0,True,True,False,0.0,True,True,489
0.5,2000,11,0.05,0.1,0.5,4,0.0,True,True,False,0.0,True,True,492
0.5,2000,12,0.05,0.1,0.5,4,0.0,True,True,False,0.0,True,True,472
0.5,2000,13,0.05,0.1,0.5,4,0.0,True,True,False,0.0,True,True,483
0.5,2000,14,0.05,0.1,0.5,4,0.0,True,True,False,0.0,True,True,489
0.5,2000,15,0.05,0.1,0.5,4,0.0,True,True,False,0.0,True,True,467
0.5,2000,16,0.05,0.1,0.5,4,0.0,True,True,False,0.0,True,True,484
0.5,2000,17,0.05,0.1,0.5,4,0.0,True,True,False,0.0,True,True,478
0.5,2000,18,0.05,0.1,0.5,4,0.0,True,True,False,0.0,True,True,481
0.5,2000,19,0.05,0.1,0.5,4,0.0,True,True,False,0.0,True,True,456
0.5,2000,20,0.05,0.1,0.5,4,0.0,True,True,False,0.0,True,True,479
0.5,2000,21,0.05,0.1,0.5,4,0.0,True,True,False,0.0,True,True,502
0.5,2000,22,0.05,0.1,0.5,4,0.0,True,True,False,0.0,True,True,475
0.5,2000,23,0.05,0.1,0.5,4,0.0,True,True,False,0.0,True,True,482
0.5,2000,24,0.05,0.1,0.5,4,0.0,True,True,False,0.0,True,True,503
0.5,2000,25,0.05,0.1,0.5,4,0.0,True,True,False,0.0,True,True,477
0.5,2000,26,0.05,0.1,0.5,4,0.0,True,True,False,0.0,True,True,479
0.5,2000,27,0.05,0.1,0.5,4,0.0,True,True,False,0.0,True,True,475
0.5,2000,28,0.05,0.1,0.5,4,0.0,True,True,False,0.0,True,True,490
0.5,2000,29,0.05,0.1,0.5,4,0.0,True,True,False,0.0,True,True,500
0.5,2000,30,0.05,0.1,0.5,4,0.0,True,True,False,0.0,True,True,485
0.5,2000,31,0.05,0.1,0.5,4,0.0,True,True,False,0.0,True,True,489
0.5,2000,32,0.05,0.1,0.5,4,0.0,True,True,False,0.0,True,True,488
0.5,2000,33,0.05,0.1,0.5,4,0.0,True,True,False,0.0,True,True,507
0.5,2000,34,0.05,0.1,0.5,4,0.0,True,True,False,0.0,True,True,497
0.5,2000,35,0.05,0.1,0.5,4,0.0,True,True,False,0.0,True,True,492
0.5,2000,36,0.05,0.1,0.5,4,0.0,True,True,False,0.0,True,True,474
0.5,2000,37,0.05,0.1,0.5,4,0.0,True,True,False,0.0,True,True,481
0.5,2000,38,0.05,0.1,0.5,4,0.0,True,True,False,0.0,True,True,476
0.5,2000,39,0.05,0.1,0.5,4,0.0,True,True,False,0.0,True,True,494
0.5,2000,40,0.05,0.1,0.5,4,0.0,True,True,False,0.0,True,True,470
0.5,2000,41,0.05,0.1,0.5,4,0.0,True,True,False,0.0,True,True,499
0.5,2000,42,0.05,0.1,0.5,4,0.0,True,True,False,0.0,True,True,497
0.5,2000,43,0.05,0.1,0.5,4,0.0,True,True,False,0.0,True,True,506
0.5,2000,44,0.05,0.1,0.5,4,0.0,True,True,False,0.0,True,True,494
0.5,2000,45,0.05,0.1,0.5,4,0.0,True,True,False,0.0,True,True,525
0.5,2000,46,0.05,0.1,0.5,4,0.0,True,True,False,0.0,True,True,494
0.5,2000,47,0.05,0.1,0.5,4,0.0,True,True,False,0.0,True,True,478
0.5,2000,48,0.05,0.1,0.5,4,0.0,True,True,False,0.0,True,True,492
0.5,2000,49,0.05,0.1,0.5,4,0.0,True,True,False,0.0,True,True,499
0.5,5000,0,0.05,0.1,0.5,4,0.0,True,True,False,0.0,True,True,1202
0.5,5000,1,0.05,0.1,0.5,4,0.0,True,True,False,0.0,True,True,1194
0.5,5000,2,0.05,0.1,0.5,4,0.0,True,True,False,0.0,True,True,1225
0.5,5000,3,0.05,0.1,0.5,4,0.0,True,True,False,0.0,True,True,1258
0.5,5000,4,0.05,0.1,0.5,4,0.0,True,True,False,0.0,True,True,1238
0.5,5000,5,0.05,0.1,0.5,4,0.0,True,True,False,0.0,True,True,1204
0.5,5000,6,0.05,0.1,0.5,4,0.0,True,True,False,0.0,True,True,1219
0.5,5000,7,0.05,0.1,0.5,4,0.0,True,True,False,0.0,True,True,1250
0.5,5000,8,0.05,0.1,0.5,4,0.0,True,True,False,0.0,True,True,1239
0.5,5000,9,0.05,0.1,0.5,4,0.0,True,True,False,0.0,True,True,1221
0.5,5000,10,0.05,0.1,0.5,4,0.0,True,True,False,0.0,True,True,1221
0.5,5000,11,0.05,0.1,0.5,4,0.0,True,True,False,0.0,True,True,1226
0.5,5000,12,0.05,0.1,0.5,4,0.0,True,True,False,0.0,True,True,1256
0.5,5000,13,0.05,0.1,0.5,4,0.0,True,True,False,0.0,True,True,1262
0.5,5000,14,0.05,0.1,0.5,4,0.0,True,True,False,0.0,True,True,1175
0.5,5000,15,0.05,0.1,0.5,4,0.0,True,True,False,0.0,True,True,1242
0.5,5000,16,0.05,0.1,0.5,4,0.0,True,True,False,0.0,True,True,1189
0.5,5000,17,0.05,0.1,0.5,4,0.0,True,True,False,0.0,True,True,1224
0.5,5000,18,0.05,0.1,0.5,4,0.0,True,True,False,0.0,True,True,1198
0.5,5000,19,0.05,0.1,0.5,4,0.0,True,True,False,0.0,True,True,1293
0.5,5000,20,0.05,0.1,0.5,4,0.0,True,True,False,0.0,True,True,1271
0.5,5000,21,0.05,0.1,0.5,4,0.0,True,True,False,0.0,True,True,1289
0.5,5000,22,0.05,0.1,0.5,4,0.0,True,True,False,0.0,True,True,1246
0.5,5000,23,0.05,0.1,0.5,4,0.0,True,True,False,0.0,True,True,1267
0.5,5000,24,0.05,0.1,0.5,4,0.0,True,True,False,0.0,True,True,1211
0.5,5000,25,0.05,0.1,0.5,4,0.0,True,True,False,0.0,True,True,1246
0.5,5000,26,0.05,0.1,0.5,4,0.0,True,True,False,0.0,True,True,1219
0.5,5000,27,0.05,0.1,0.5,4,0.0,True,True,False,0.0,True,True,1184
0.5,5000,28,0.05,0.1,0.5,4,0.0,True,True,False,0.0,True,True,1258
0.5,5000,29,0.05,0.1,0.5,4,0.0,True,True,False,0.0,True,True,1268
0.5,5000,30,0.05,0.1,0.5,4,0.0,True,True,False,0.0,True,True,1244
0.5,5000,31,0.05,0.1,0.5,4,0.0,True,True,False,0.0,True,True,1229
0.5,5000,32,0.05,0.1,0.5,4,0.0,True,True,False,0.0,True,True,1259
0.5,5000,33,0.05,0.1,0.5,4,0.0,True,True,False,0.0,True,True,1252
0.5,5000,34,0.05,0.1,0.5,4,0.0,True,True,False,0.0,True,True,1237
0.5,5000,35,0.05,0.1,0.5,4,0.0,True,True,False,0.0,True,True,1254
0.5,5000,36,0.05,0.1,0.5,4,0.0,True,True,False,0.0,True,True,1185
0.5,5000,37,0.05,0.1,0.5,4,0.0,True,True,False,0.0,True,True,1274
0.5,5000,38,0.05,0.1,0.5,4,0.0,True,True,False,0.0,True,True,1263
0.5,5000,39,0.05,0.1,0.5,4,0.0,True,True,False,0.0,True,True,1254
0.5,5000,40,0.05,0.1,0.5,4,0.0,True,True,False,0.0,True,True,1190
0.5,5000,41,0.05,0.1,0.5,4,0.0,True,True,False,0.0,True,True,1201
0.5,5000,42,0.05,0.1,0.5,4,0.0,True,True,False,0.0,True,True,1264
0.5,5000,43,0.05,0.1,0.5,4,0.0,True,True,False,0.0,True,True,1230
0.5,5000,44,0.05,0.1,0.5,4,0.0,True,True,False,0.0,True,True,1252
0.5,5000,45,0.05,0.1,0.5,4,0.0,True,True,False,0.0,True,True,1215
0.5,5000,46,0.05,0.1,0.5,4,0.0,True,True,False,0.0,True,True,1223
0.5,5000,47,0.05,0.1,0.5,4,0.0,True,True,False,0.0,True,True,1218
0.5,5000,48,0.05,0.1,0.5,4,0.0,True,True,False,0.0,True,True,1205
0.5,5000,49,0.05,0.1,0.5,4,0.0,True,True,False,0.0,True,True,1197
0.5,10000,0,0.05,0.1,0.5,4,0.0,True,True,False,0.0,True,True,2469
0.5,10000,1,0.05,0.1,0.5,4,0.0,True,True,False,0.0,True,True,2511
0.5,10000,2,0.05,0.1,0.5,4,0.0,True,True,False,0.0,True,True,2465
0.5,10000,3,0.05,0.1,0.5,4,0.0,True,True,False,0.0,True,True,2472
0.5,10000,4,0.05,0.1,0.5,4,0.0,True,True,False,0.0,True,True,2471
0.5,10000,5,0.05,0.1,0.5,4,0.0,True,True,False,0.0,True,True,2527
0.5,10000,6,0.05,0.1,0.5,4,0.0,True,True,False,0.0,True,True,2446
0.5,10000,7,0.05,0.1,0.5,4,0.0,True,True,False,0.0,True,True,2511
0.5,10000,8,0.05,0.1,0.5,4,0.0,True,True,False,0.0,True,True,2503
0.5,10000,9,0.05,0.1,0.5,4,0.0,True,True,False,0.0,True,True,2443
0.5,10000,10,0.05,0.1,0.5,4,0.0,True,True,False,0.0,True,True,2465
0.5,10000,11,0.05,0.1,0.5,4,0.0,True,True,False,0.0,True,True,2432
0.5,10000,12,0.05,0.1,0.5,4,0.0,True,True,False,0.0,True,True,2465
0.5,10000,13,0.05,0.1,0.5,4,0.0,True,True,False,0.0,True,True,2459
0.5,10000,14,0.05,0.1,0.5,4,0.0,True,True,False,0.0,True,True,2546
0.5,10000,15,0.05,0.1,0.5,4,0.0,True,True,False,0.0,True,True,2470
0.5,10000,16,0.05,0.1,0.5,4,0.0,True,True,False,0.0,True,True,2503
0.5,10000,17,0.05,0.1,0.5,4,0.0,True,True,False,0.0,True,True,2445
0.5,10000,18,0.05,0.1,0.5,4,0.0,True,True,False,0.0,True,True,2472
0.5,10000,19,0.05,0.1,0.5,4,0.0,True,True,False,0.0,True,True,2465
0.5,10000,20,0.05,0.1,0.5,4,0.0,True,True,False,0.0,True,True,2478
0.5,10000,21,0.05,0.1,0.5,4,0.0,True,True,False,0.0,True,True,2431
0.5,10000,22,0.05,0.1,0.5,4,0.0,True,True,False,0.0,True,True,2475
0.5,10000,23,0.05,0.1,0.5,4,0.0,True,True,False,0.0,True,True,2494
0.5,10000,24,0.05,0.1,0.5,4,0.0,True,True,False,0.0,True,True,2483
0.5,10000,25,0.05,0.1,0.5,4,0.0,True,True,False,0.0,True,True,2523
0.5,10000,26,0.05,0.1,0.5,4,0.0,True,True,False,0.0,True,True,2473
0.5,10000,27,0.05,0.1,0.5,4,0.0,True,True,False,0.0,True,True,2479
0.5,10000,28,0.05,0.1,0.5,4,0.0,True,True,False,0.0,True,True,2474
0.5,10000,29,0.05,0.1,0.5,4,0.0,True,True,False,0.0,True,True,2512
0.5,10000,30,0.05,0.1,0.5,4,0.0,True,True,False,0.0,True,True,2435
0.5,10000,31,0.05,0.1,0.5,4,0.0,True,True,False,0.0,True,True,2476
0.5,10000,32,0.05,0.1,0.5,4,0.0,True,True,False,0.0,True,True,2478
0.5,10000,33,0.05,0.1,0.5,4,0.0,True,True,False,0.0,True,True,2472
0.5,10000,34,0.05,0.1,0.5,4,0.0,True,True,False,0.0,True,True,2468
0.5,10000,35,0.05,0.1,0.5,4,0.0,True,True,False,0.0,True,True,2479
0.5,10000,36,0.05,0.1,0.5,4,0.0,True,True,False,0.0,True,True,2492
0.5,10000,37,0.05,0.1,0.5,4,0.0,True,True,False,0.0,True,True,2461
0.5,10000,38,0.05,0.1,0.5,4,0.0,True,True,False,0.0,True,True,2456
0.5,10000,39,0.05,0.1,0.5,4,0.0,True,True,False,0.0,True,True,2431
0.5,10000,40,0.05,0.1,0.5,4,0.0,True,True,False,0.0,True,True,2518
0.5,10000,41,0.05,0.1,0.5,4,0.0,True,True,False,0.0,True,True,2504
0.5,10000,42,0.05,0.1,0.5,4,0.0,True,True,False,0.0,True,True,2507
0.5,10000,43,0.05,0.1,0.5,4,0.0,True,True,False,0.0,True,True,2397
0.5,10000,44,0.05,0.1,0.5,4,0.0,True,True,False,0.0,True,True,2505
0.5,10000,45,0.05,0.1,0.5,4,0.0,True,True,False,0.0,True,True,2464
0.5,10000,46,0.05,0.1,0.5,4,0.0,True,True,False,0.0,True,True,2505
0.5,10000,47,0.05,0.1,0.5,4,0.0,True,True,False,0.0,True,True,2449
0.5,10000,48,0.05,0.1,0.5,4,0.0,True,True,False,0.0,True,True,2471
0.5,10000,49,0.05,0.1,0.5,4,0.0,True,True,False,0.0,True,True,2473
0.2,50,0,0.05,0.1,0.5,4,0.7463584777475637,False,False,False,0.0,True,True,5
0.2,50,1,0.05,0.1,0.5,4,1.0,False,False,False,0.0,True,True,1
0.2,50,2,0.05,0.1,0.5,4,0.8175947484951165,False,False,False,0.0,True,True,5
0.2,50,3,0.05,0.1,0.5,4,1.0,False,False,False,0.0,True,True,0
0.2,50,4,0.05,0.1,0.5,4,0.6463654020592728,False,False,False,0.0,True,True,6
0.2,50,5,0.05,0.1,0.5,4,0.5512222669860765,False,False,False,0.0,True,True,6
0.2,50,6,0.05,0.1,0.5,4,0.9130251444142303,False,False,False,0.5,True,True,2
0.2,50,7,0.05,0.1,0.5,4,0.7957215394185232,False,False,False,0.0,True,True,5
0.2,50,8,0.05,0.1,0.5,4,0.8175947484951165,False,False,False,0.0,True,True,5
0.2,50,9,0.05,0.1,0.5,4,0.7463584777475637,False,False,False,0.0,True,True,6
0.2,50,10,0.05,0.1,0.5,4,1.0,False,False,False,0.0,True,True,3
0.2,50,11,0.05,0.1,0.5,4,1.0,False,False,False,0.0,True,True,2
0.2,50,12,0.05,0.1,0.5,4,0.9140987178409621,False,False,False,0.0,True,True,4
0.2,50,13,0.05,0.1,0.5,4,1.0,False,False,False,0.0,True,True,3
0.2,50,14,0.05,0.1,0.5,4,0.8175947484951165,False,False,False,0.0,True,True,1
0.2,50,15,0.05,0.1,0.5,4,0.9140987178409621,False,False,False,0.0,True,True,4
0.2,50,16,0.05,0.1,0.5,4,0.8175947484951165,False,False,False,0.0,True,True,5
0.2,50,17,0.05,0.1,0.5,4,0.690993680334339,False,False,False,0.0,True,True,5
0.2,50,18,0.05,0.1,0.5,4,0.9140987178409621,False,False,False,0.0,True,True,4
0.2,50,19,0.05,0.1,0.5,4,1.0,False,False,False,0.0,True,True,2
0.2,50,20,0.05,0.1,0.5,4,0.6230733681078976,False,False,False,0.0,True,True,7
0.2,50,21,0.05,0.1,0.5,4,0.6093991452273081,False,False,False,0.0,True,True,7
0.2,50,22,0.05,0.1,0.5,4,0.7463584777475637,False,False,False,0.0,True,True,5
0.2,50,23,0.05,0.1,0.5,4,0.7463584777475637,False,False,False,0.0,True,True,5
0.2,50,24,0.05,0.1,0.5,4,0.690993680334339,False,False,False,0.0,True,True,5
0.2,50,25,0.05,0.1,0.5,4,0.8175947484951165,False,False,False,0.0,True,True,5
0.2,50,26,0.05,0.1,0.5,4,0.8175947484951165,False,False,False,0.0,True,True,5
0.2,50,27,0.05,0.1,0.5,4,0.5781267909234067,False,False,False,0.0,True,True,4
0.2,50,28,0.05,0.1,0.5,4,0.690993680334339,False,False,False,0.0,True,True,0
0.2,50,29,0.05,0.1,0.5,4,0.690993680334339,False,False,False,0.0,True,True,7
0.2,50,30,0.05,0.1,0.5,4,0.6463654020592728,False,False,False,0.0,True,True,8
0.2,50,31,0.05,0.1,0.5,4,0.5512222669860765,False,False,False,0.0,True,True,2
0.2,50,32,0.05,0.1,0.5,4,0.6677016463829638,False,False,False,0.0,True,True,7
0.2,50,33,0.05,0.1,0.5,4,1.0,False,False,False,0.0,True,True,3
0.2,50,34,0.05,0.1,0.5,4,0.8175947484951165,False,False,False,0.0,True,True,5
0.2,50,35,0.05,0.1,0.5,4,0.8175947484951165,False,False,False,0.0,True,True,3
0.2,50,36,0.05,0.1,0.5,4,0.8175947484951165,False,False,False,0.0,True,True,4
0.2,50,37,0.05,0.1,0.5,4,0.690993680334339,False,False,False,0.0,True,True,4
0.2,50,38,0.05,0.1,0.5,4,0.7306198929093468,False,False,False,0.0,True,True,5
0.2,50,39,0.05,0.1,0.5,4,0.6093991452273081,False,False,False,0.0,True,True,4
0.2,50,40,0.05,0.1,0.5,4,0.9140987178409621,False,False,False,0.0,True,True,3
0.2,50,41,0.05,0.1,0.5,4,0.747949541032444,False,False,False,0.0,True,True,4
0.2,50,42,0.05,0.1,0.5,4,0.6093991452273081,False,False,False,0.0,True,True,5
0.2,50,43,0.05,0.1,0.5,4,0.7463584777475637,False,False,False,0.0,True,True,6
0.2,50,44,0.05,0.1,0.5,4,1.0,False,False,False,0.0,True,True,3
0.2,50,45,0.05,0.1,0.5,4,1.0,False,False,False,0.0,True,True,3
0.2,50,46,0.05,0.1,0.5,4,0.7463584777475637,False,False,False,0.0,True,True,5
0.2,50,47,0.05,0.1,0.5,4,0.9767079660486248,False,False,False,0.0,True,True,2
0.2,50,48,0.05,0.1,0.5,4,0.6463654020592728,False,False,False,0.0,True,True,8
0.2,50,49,0.05,0.1,0.5,4,0.6463654020592728,False,False,False,0.0,True,True,8
0.2,100,0,0.05,0.1,0.5,4,0.4293490579094832,False,False,False,0.0,True,True,10
0.2,100,1,0.05,0.1,0.5,4,0.4956440744641143,False,False,False,0.0,True,True,11
0.2,100,2,0.05,0.1,0.5,4,0.7244852686709704,False,False,False,0.0,True,True,6
0.2,100,3,0.05,0.1,0.5,4,0.5781267909234067,False,False,False,0.0,True,True,7
0.2,100,4,0.05,0.1,0.5,4,0.24826539714979046,False,False,False,0.0,True,True,9
0.2,100,5,0.05,0.1,0.5,4,0.5781267909234067,False,False,False,0.0,True,True,7
0.2,100,6,0.05,0.1,0.5,4,0.507050738155612,False,False,False,0.0,True,True,7
0.2,100,7,0.05,0.1,0.5,4,0.7463584777475637,False,False,False,0.0,True,True,6
0.2,100,8,0.05,0.1,0.5,4,0.4837587042042367,False,False,False,0.0,True,True,7
0.2,100,9,0.05,0.1,0.5,4,0.6149546017533464,False,False,False,0.0,True,True,8
0.2,100,10,0.05,0.1,0.5,4,0.6463654020592728,False,False,False,0.0,True,True,8
0.2,100,11,0.05,0.1,0.5,4,0.5781267909234067,False,False,False,0.0,True,True,6
0.2,100,12,0.05,0.1,0.5,4,0.8057648406119586,False,False,False,0.0,True,True,4
0.2,100,13,0.05,0.1,0.5,4,0.5057367261822587,False,False,False,0.0,True,True,7
0.2,100,14,0.05,0.1,0.5,4,0.5512222669860765,False,False,False,0.0,True,True,11
0.2,100,15,0.05,0.1,0.5,4,0.46531428317008544,False,False,False,0.0,True,True,7
0.2,100,16,0.05,0.1,0.5,4,0.37364274660015667,False,False,False,0.0,True,True,9
0.2,100,17,0.05,0.1,0.5,4,0.5512222669860765,False,False,False,0.0,True,True,11
0.2,100,18,0.05,0.1,0.5,4,0.5512222669860765,False,False,False,0.0,True,True,7
0.2,100,19,0.05,0.1,0.5,4,0.5907872095373107,False,False,False,0.0,True,True,8
0.2,100,20,0.05,0.1,0.5,4,0.5277551408113712,False,False,False,0.0,True,True,7
0.2,100,21,0.05,0.1,0.5,4,0.561224032681713,False,False,False,0.0,True,True,8
0.2,100,22,0.05,0.1,0.5,4,0.6093991452273081,False,False,False,0.0,True,True,8
0.2,100,23,0.05,0.1,0.5,4,0.5781267909234067,False,False,False,0.0,True,True,9
0.2,100,24,0.05,0.1,0.5,4,0.6093991452273081,False,False,False,0.0,True,True,9
0.2,100,25,0.05,0.1,0.5,4,0.5512222669860765,False,False,False,0.0,True,True,8
0.2,100,26,0.05,0.1,0.5,4,0.6093991452273081,False,False,False,0.0,True,True,9
0.2,100,27,0.05,0.1,0.5,4,0.6093991452273081,False,False,False,0.0,True,True,7
0.2,100,28,0.05,0.1,0.5,4,0.690993680334339,False,False,False,0.0,True,True,7
0.2,100,29,0.05,0.1,0.5,4,0.690993680334339,False,False,False,0.0,True,True,7
0.2,100,30,0.05,0.1,0.5,4,0.5781267909234067,False,False,False,0.0,True,True,9
0.2,100,31,0.05,0.1,0.5,4,0.33517614984388777,False,False,False,0.0,True,True,10
0.2,100,32,0.05,0.1,0.5,4,0.3871542860386793,False,False,False,0.0,True,True,9
0.2,100,33,0.05,0.1,0.5,4,0.5512222669860765,False,False,False,0.0,True,True,9
0.2,100,34,0.05,0.1,0.5,4,0.690993680334339,False,False,False,0.0,True,True,7
0.2,100,35,0.05,0.1,0.5,4,0.6093991452273081,False,False,False,0.0,True,True,9
0.2,100,36,0.05,0.1,0.5,4,0.45704935892048104,False,False,False,0.0,True,True,8
0.2,100,37,0.05,0.1,0.5,4,0.6093991452273081,False,False,False,0.0,True,True,9
0.2,100,38,0.05,0.1,0.5,4,0.6463654020592728,False,False,False,0.0,True,True,8
0.2,100,39,0.05,0.1,0.5,4,0.47203854813167984,False,False,False,0.0,True,True,7
0.2,100,40,0.05,0.1,0.5,4,0.41942126358236775,False,False,False,0.0,True,True,12
0.2,100,41,0.05,0.1,0.5,4,0.6093991452273081,False,False,False,0.0,True,True,6
0.2,100,42,0.05,0.1,0.5,4,0.5781267909234067,False,False,False,0.0,True,True,10
0.2,100,43,0.05,0.1,0.5,4,0.6691204712577458,False,False,False,0.0,True,True,7
0.2,100,44,0.05,0.1,0.5,4,0.6463654020592728,False,False,False,0.0,True,True,6
0.2,100,45,0.05,0.1,0.5,4,0.6463654020592728,False,False,False,0.0,True,True,6
0.2,100,46,0.05,0.1,0.5,4,0.6463654020592728,False,False,False,0.0,True,True,8
0.2,100,47,0.05,0.1,0.5,4,0.5517303592125768,False,False,False,0.0,True,True,6
0.2,100,48,0.05,0.1,0.5,4,0.7463584777475637,False,False,False,0.0,True,True,6
0.2,100,49,0.05,0.1,0.5,4,0.690993680334339,False,False,False,0.0,True,True,7
0.2,200,0,0.05,0.1,0.5,4,0.466068172526525,False,False,False,0.0,True,True,11
0.2,200,1,0.05,0.1,0.5,4,0.35015082581404466,False,False,False,0.0,True,True,16
0.2,200,2,0.05,0.1,0.5,4,0.40879737424755824,False,False,False,0.0,True,True,18
0.2,200,3,0.05,0.1,0.5,4,0.4434030077529366,False,False,False,0.0,True,True,17
0.2,200,4,0.05,0.1,0.5,4,0.4309102680395152,False,False,False,0.0,True,True,13
0.2,200,5,0.05,0.1,0.5,4,0.38120551708186307,False,False,False,0.0,True,True,22
0.2,200,6,0.05,0.1,0.5,4,0.4474036913690189,False,False,False,0.0,True,True,14
0.2,200,7,0.05,0.1,0.5,4,0.378739082906866,False,False,False,0.0,True,True,11
0.2,200,8,0.05,0.1,0.5,4,0.27430009983332054,False,False,False,0.0,True,True,18
0.2,200,9,0.05,0.1,0.5,4,0.2283469525090714,False,False,False,0.0,True,True,17
0.2,200,10,0.05,0.1,0.5,4,0.6093991452273081,False,False,False,0.0,True,True,9
0.2,200,11,0.05,0.1,0.5,4,0.3521053107314556,False,False,False,0.0,True,True,18
0.2,200,12,0.05,0.1,0.5,4,0.350327524406763,False,False,False,0.0,True,True,18
0.2,200,13,0.05,0.1,0.5,4,0.2677285977942629,False,False,False,0.0,True,True,16
0.2,200,14,0.05,0.1,0.5,4,0.3798042700793658,False,False,False,0.0,True,True,16
0.2,200,15,0.05,0.1,0.5,4,0.39251145119903574,False,False,False,0.0,True,True,16
0.2,200,16,0.05,0.1,0.5,4,0.3454968401671695,False,False,False,0.0,True,True,15
0.2,200,17,0.05,0.1,0.5,4,0.29857072138822616,False,False,False,0.0,True,True,17
0.2,200,18,0.05,0.1,0.5,4,0.2682637608946387,False,False,False,0.0,True,True,20
0.2,200,19,0.05,0.1,0.5,4,0.2945531199070849,False,False,False,0.0,True,True,19
0.2,200,20,0.05,0.1,0.5,4,0.2887183902762372,False,False,False,0.0,True,True,21
0.2,200,21,0.05,0.1,0.5,4,0.18863691494466162,False,False,False,0.0,True,True,22
0.2,200,22,0.05,0.1,0.5,4,0.3252905357246746,False,False,False,0.0,True,True,11
0.2,200,23,0.05,0.1,0.5,4,0.33830258413598496,False,False,False,0.0,True,True,18
0.2,200,24,0.05,0.1,0.5,4,0.23552217719119406,False,False,False,0.0,True,True,14
0.2,200,25,0.05,0.1,0.5,4,0.13173452884265602,False,False,False,0.0,True,True,21
0.2,200,26,0.05,0.1,0.5,4,0.34490151108656947,False,False,False,0.0,True,True,17
0.2,200,27,0.05,0.1,0.5,4,0.25874095402994846,False,False,False,0.0,True,True,19
0.2,200,28,0.05,0.1,0.5,4,0.1119801338381608,False,False,False,0.0,True,True,22
0.2,200,29,0.05,0.1,0.5,4,0.38970764228707344,False,False,False,0.0,True,True,18
0.2,200,30,0.05,0.1,0.5,4,0.3183116126259885,False,False,False,0.0,True,True,17
0.2,200,31,0.05,0.1,0.5,4,0.3675947484951165,False,False,False,0.0,True,True,20
0.2,200,32,0.05,0.1,0.5,4,0.15477094251438617,False,False,False,0.0,True,True,14
0.2,200,33,0.05,0.1,0.5,4,0.4194172563672478,False,False,False,0.0,True,True,12
0.2,200,34,0.05,0.1,0.5,4,0.2070044741762037,False,False,False,0.0,True,True,17
0.2,200,35,0.05,0.1,0.5,4,0.3897730029268763,False,False,False,0.0,True,True,22
0.2,200,36,0.05,0.1,0.5,4,0.38120551708186307,False,False,False,0.0,True,True,21
0.2,200,37,0.05,0.1,0.5,4,0.4434030077529366,False,False,False,0.0,True,True,17
0.2,200,38,0.05,0.1,0.5,4,0.44174638385842546,False,False,False,0.0,True,True,12
0.2,200,39,0.05,0.1,0.5,4,0.4434030077529366,False,False,False,0.0,True,True,17
0.2,200,40,0.05,0.1,0.5,4,0.3298556553888761,False,False,False,0.0,True,True,18
0.2,200,41,0.05,0.1,0.5,4,0.2839332377873953,False,False,False,0.0,True,True,20
0.2,200,42,0.05,0.1,0.5,4,0.4886063171214607,False,False,False,0.0,True,True,14
0.2,200,43,0.05,0.1,0.5,4,0.38970764228707344,False,False,False,0.0,True,True,18
0.2,200,44,0.05,0.1,0.5,4,0.09311270152782875,True,True,False,0.0,True,True,20
0.2,200,45,0.05,0.1,0.5,4,0.312527914085761,False,False,False,0.0,True,True,21
0.2,200,46,0.05,0.1,0.5,4,0.3453682957355718,False,False,False,0.0,True,True,21
0.2,200,47,0.05,0.1,0.5,4,0.2808359223792381,False,False,False,0.0,True,True,15
0.2,200,48,0.05,0.1,0.5,4,0.3808359223792381,False,False,False,0.0,True,True,15
0.2,200,49,0.05,0.1,0.5,4,0.27091982367372613,False,False,False,0.0,True,True,17
0.2,500,0,0.05,0.1,0.5,4,0.07914912172796401,True,True,False,0.0,True,True,47
0.2,500,1,0.05,0.1,0.5,4,0.0,True,True,False,0.0,True,True,45
0.2,500,2,0.05,0.1,0.5,4,0.0,True,True,False,0.0,True,True,48
0.2,500,3,0.05,0.1,0.5,4,0.10115160283023547,False,False,False,0.0,True,True,39
0.2,500,4,0.05,0.1,0.5,4,0.0,True,True,False,0.0,True,True,47
0.2,500,5,0.05,0.1,0.5,4,0.007727374744568027,True,True,False,0.0,True,True,41
0.2,500,6,0.05,0.1,0.5,4,0.0,True,True,False,0.0,True,True,47
0.2,500,7,0.05,0.1,0.5,4,0.14650188070148637,False,False,False,0.0,True,True,46
0.2,500,8,0.05,0.1,0.5,4,0.06101729961443264,True,True,False,0.0,True,True,51
0.2,500,9,0.05,0.1,0.5,4,0.0,True,True,False,0.0,True,True,37
0.2,500,10,0.05,0.1,0.5,4,0.12374536385064674,False,False,False,0.0,True,True,47
0.2,500,11,0.05,0.1,0.5,4,0.0,True,True,False,0.0,True,True,55
0.2,500,12,0.05,0.1,0.5,4,0.0,True,True,False,0.0,True,True,53
0.2,500,13,0.05,0.1,0.5,4,0.0,True,True,False,0.0,True,True,46
0.2,500,14,0.05,0.1,0.5,4,0.011430021589474648,True,True,False,0.0,True,True,44
0.2,500,15,0.05,0.1,0.5,4,0.0,True,True,False,0.0,True,True,45
0.2,500,16,0.05,0.1,0.5,4,0.07078440276657183,True,True,False,0.0,True,True,43
0.2,500,17,0.05,0.1,0.5,4,0.06412102403986902,True,True,False,0.0,True,True,39
0.2,500,18,0.05,0.1,0.5,4,0.0,True,True,False,0.0,True,True,51
0.2,500,19,0.05,0.1,0.5,4,0.0,True,True,False,0.0,True,True,59
0.2,500,20,0.05,0.1,0.5,4,0.0911457944925555,True,True,False,0.0,True,True,49
0.2,500,21,0.05,0.1,0.5,4,0.0,True,True,False,0.0,True,True,48
0.2,500,22,0.05,0.1,0.5,4,0.0930202992524827,True,True,False,0.0,True,True,51
0.2,500,23,0.05,0.1,0.5,4,0.03419676984071798,True,True,False,0.0,True,True,51
0.2,500,24,0.05,0.1,0.5,4,0.040709749624666614,True,True,False,0.0,True,True,48
0.2,500,25,0.05,0.1,0.5,4,0.0,True,True,False,0.0,True,True,53
0.2,500,26,0.05,0.1,0.5,4,0.04438666184346468,True,True,False,0.0,True,True,38
0.2,500,27,0.05,0.1,0.5,4,0.0,True,True,False,0.0,True,True,44
0.2,500,28,0.05,0.1,0.5,4,0.0,True,True,False,0.0,True,True,47
0.2,500,29,0.05,0.1,0.5,4,0.08764122579017924,True,True,False,0.0,True,True,42
0.2,500,30,0.05,0.1,0.5,4,0.005723630281324749,True,True,False,0.0,True,True,45
0.2,500,31,0.05,0.1,0.5,4,0.11482538637940215,False,False,False,0.0,True,True,43
0.2,500,32,0.05,0.1,0.5,4,0.0,True,True,False,0.0,True,True,38
0.2,500,33,0.05,0.1,0.5,4,0.008417693927846609,True,True,False,0.0,True,True,53
0.2,500,34,0.05,0.1,0.5,4,0.0,True,True,False,0.0,True,True,43
0.2,500,35,0.05,0.1,0.5,4,0.09364841263170676,True,True,False,0.0,True,True,36
0.2,500,36,0.05,0.1,0.5,4,0.0,True,True,False,0.0,True,True,47
0.2,500,37,0.05,0.1,0.5,4,0.11912345057262663,False,False,False,0.0,True,True,39
0.2,500,38,0.05,0.1,0.5,4,0.037928670974844425,True,True,False,0.0,True,True,56
0.2,500,39,0.05,0.1,0.5,4,0.07238873901038861,True,True,False,0.0,True,True,49
0.2,500,40,0.05,0.1,0.5,4,0.0,True,True,False,0.0,True,True,42
0.2,500,41,0.05,0.1,0.5,4,0.0,True,True,False,0.0,True,True,43
0.2,500,42,0.05,0.1,0.5,4,0.0,True,True,False,0.0,True,True,44
0.2,500,43,0.05,0.1,0.5,4,0.0,True,True,False,0.0,True,True,51
0.2,500,44,0.05,0.1,0.5,4,0.0,True,True,False,0.0,True,True,45
0.2,500,45,0.05,0.1,0.5,4,0.02270170895209267,True,True,False,0.0,True,True,47
0.2,500,46,0.05,0.1,0.5,4,0.0,True,True,False,0.0,True,True,56
0.2,500,47,0.05,0.1,0.5,4,0.015841623976739466,True,True,False,0.0,True,True,50
0.2,500,48,0.05,0.1,0.5,4,0.0,True,True,False,0.0,True,True,43
0.2,500,49,0.05,0.1,0.5,4,0.0,True,True,False,0.0,True,True,53
0.2,1000,0,0.05,0.1,0.5,4,0.0,True,True,False,0.0,True,True,96
0.2,1000,1,0.05,0.1,0.5,4,0.0,True,True,False,0.0,True,True,98
0.2,1000,2,0.05,0.1,0.5,4,0.0,True,True,False,0.0,True,True,95
0.2,1000,3,0.05,0.1,0.5,4,0.0,True,True,False,0.0,True,True,89
0.2,1000,4,0.05,0.1,0.5,4,0.0,True,True,False,0.0,True,True,93
0.2,1000,5,0.05,0.1,0.5,4,0.0,True,True,False,0.0,True,True,85
0.2,1000,6,0.05,0.1,0.5,4,0.0,True,True,False,0.0,True,True,91
0.2,1000,7,0.05,0.1,0.5,4,0.0,True,True,False,0.0,True,True,105
0.2,1000,8,0.05,0.1,0.5,4,0.0,True,True,False,0.0,True,True,109
0.2,1000,9,0.05,0.1,0.5,4,0.0,True,True,False,0.0,True,True,88
0.2,1000,10,0.05,0.1,0.5,4,0.0,True,True,False,0.0,True,True,99
0.2,1000,11,0.05,0.1,0.5,4,0.0,True,True,False,0.0,True,True,102
0.2,1000,12,0.05,0.1,0.5,4,0.0,True,True,False,0.0,True,True,96
0.2,1000,13,0.05,0.1,0.5,4,0.0,True,True,False,0.0,True,True,99
0.2,1000,14,0.05,0.1,0.5,4,0.0,True,True,False,0.0,True,True,92
0.2,1000,15,0.05,0.1,0.5,4,0.0,True,True,False,0.0,True,True,90
0.2,1000,16,0.05,0.1,0.5,4,0.0,True,True,False,0.0,True,True,93
0.2,1000,17,0.05,0.1,0.5,4,0.0,True,True,False,0.0,True,True,96
0.2,1000,18,0.05,0.1,0.5,4,0.0,True,True,False,0.0,True,True,91
0.2,1000,19,0.05,0.1,0.5,4,0.0,True,True,False,0.0,True,True,103
0.2,1000,20,0.05,0.1,0.5,4,0.0,True,True,False,0.0,True,True,113
0.2,1000,21,0.05,0.1,0.5,4,0.0,True,True,False,0.0,True,True,85
0.2,1000,22,0.05,0.1,0.5,4,0.0,True,True,False,0.0,True,True,100
0.2,1000,23,0.05,0.1,0.5,4,0.0,True,True,False,0.0,True,True,92
0.2,1000,24,0.05,0.1,0.5,4,0.0,True,True,False,0.0,True,True,95
0.2,1000,25,0.05,0.1,0.5,4,0.0,True,True,False,0.0,True,True,98
0.2,1000,26,0.05,0.1,0.5,4,0.0,True,True,False,0.0,True,True,95
0.2,1000,27,0.05,0.1,0.5,4,0.0,True,True,False,0.0,True,True,92
0.2,1000,28,0.05,0.1,0.5,4,0.0,True,True,False,0.0,True,True,90
0.2,1000,29,0.05,0.1,0.5,4,0.0,True,True,False,0.0,True,True,96
0.2,1000,30,0.05,0.1,0.5,4,0.0,True,True,False,0.0,True,True,89
0.2,1000,31,0.05,0.1,0.5,4,0.0,True,True,False,0.0,True,True,92
0.2,1000,32,0.05,0.1,0.5,4,0.0,True,True,False,0.0,True,True,84
0.2,1000,33,0.05,0.1,0.5,4,0.0,True,True,False,0.0,True,True,86
0.2,1000,34,0.05,0.1,0.5,4,0.0,True,True,False,0.0,True,True,71
0.2,1000,35,0.05,0.1,0.5,4,0.0,True,True,False,0.0,True,True,103
0.2,1000,36,0.05,0.1,0.5,4,0.0,True,True,False,0.0,True,True,101
0.2,1000,37,0.05,0.1,0.5,4,0.0,True,True,False,0.0,True,True,95
0.2,1000,38,0.05,0.1,0.5,4,0.0,True,True,False,0.0,True,True,108
0.2,1000,39,0.05,0.1,0.5,4,0.0,True,True,False,0.0,True,True,92
0.2,1000,40,0.05,0.1,0.5,4,0.0,True,True,False,0.0,True,True,85
0.2,1000,41,0.05,0.1,0.5,4,0.0,True,True,False,0.0,True,True,97
0.2,1000,42,0.05,0.1,0.5,4,0.0,True,True,False,0.0,True,True,98
0.2,1000,43,0.05,0.1,0.5,4,0.0,True,True,False,0.0,True,True,94
0.2,1000,44,0.05,0.1,0.5,4,0.0,True,True,False,0.0,True,True,94
0.2,1000,45,0.05,0.1,0.5,4,0.0,True,True,False,0.0,True,True,92
0.2,1000,46,0.05,0.1,0.5,4,0.0,True,True,False,0.0,True,True,104
0.2,1000,47,0.05,0.1,0.5,4,0.0,True,True,False,0.0,True,True,96
0.2,1000,48,0.05,0.1,0.5,4,0.0,True,True,False,0.0,True,True,91
0.2,1000,49,0.05,0.1,0.5,4,0.0,True,True,False,0.0,True,True,100
0.2,2000,0,0.05,0.1,0.5,4,0.0,True,True,False,0.0,True,True,208
0.2,2000,1,0.05,0.1,0.5,4,0.0,True,True,False,0.0,True,True,181
0.2,2000,2,0.05,0.1,0.5,4,0.0,True,True,False,0.0,True,True,190
0.2,2000,3,0.05,0.1,0.5,4,0.0,True,True,False,0.0,True,True,189
0.2,2000,4,0.05,0.1,0.5,4,0.0,True,True,False,0.0,True,True,203
0.2,2000,5,0.05,0.1,0.5,4,0.0,True,True,False,0.0,True,True,188
0.2,2000,6,0.05,0.1,0.5,4,0.0,True,True,False,0.0,True,True,202
0.2,2000,7,0.05,0.1,0.5,4,0.0,True,True,False,0.0,True,True,196
0.2,2000,8,0.05,0.1,0.5,4,0.0,True,True,False,0.0,True,True,195
0.2,2000,9,0.05,0.1,0.5,4,0.0,True,True,False,0.0,True,True,196
0.2,2000,10,0.05,0.1,0.5,4,0.0,True,True,False,0.0,True,True,192
0.2,2000,11,0.05,0.1,0.5,4,0.0,True,True,False,0.0,True,True,196
0.2,2000,12,0.05,0.1,0.5,4,0.0,True,True,False,0.0,True,True,198
0.2,2000,13,0.05,0.1,0.5,4,0.0,True,True,False,0.0,True,True,165
0.2,2000,14,0.05,0.1,0.5,4,0.0,True,True,False,0.0,True,True,188
0.2,2000,15,0.05,0.1,0.5,4,0.0,True,True,False,0.0,True,True,185
0.2,2000,16,0.05,0.1,0.5,4,0.0,True,True,False,0.0,True,True,192
0.2,2000,17,0.05,0.1,0.5,4,0.0,True,True,False,0.0,True,True,216
0.2,2000,18,0.05,0.1,0.5,4,0.0,True,True,False,0.0,True,True,197
0.2,2000,19,0.05,0.1,0.5,4,0.0,True,True,False,0.0,True,True,211
0.2,2000,20,0.05,0.1,0.5,4,0.0,True,True,False,0.0,True,True,222
0.2,2000,21,0.05,0.1,0.5,4,0.0,True,True,False,0.0,True,True,193
0.2,2000,22,0.05,0.1,0.5,4,0.0,True,True,False,0.0,True,True,213
0.2,2000,23,0.05,0.1,0.5,4,0.0,True,True,False,0.0,True,True,182
0.2,2000,24,0.05,0.1,0.5,4,0.0,True,True,False,0.0,True,True,187
0.2,2000,25,0.05,0.1,0.5,4,0.0,True,True,False,0.0,True,True,215
0.2,2000,26,0.05,0.1,0.5,4,0.0,True,True,False,0.0,True,True,210
0.2,2000,27,0.05,0.1,0.5,4,0.0,True,True,False,0.0,True,True,195
0.2,2000,28,0.05,0.1,0.5,4,0.0,True,True,False,0.0,True,True,213
0.2,2000,29,0.05,0.1,0.5,4,0.0,True,True,False,0.0,True,True,187
0.2,2000,30,0.05,0.1,0.5,4,0.0,True,True,False,0.0,True,True,201
0.2,2000,31,0.05,0.1,0.5,4,0.0,True,True,False,0.0,True,True,175
0.2,2000,32,0.05,0.1,0.5,4,0.0,True,True,False,0.0,True,True,203
0.2,2000,33,0.05,0.1,0.5,4,0.0,True,True,False,0.0,True,True,198
0.2,2000,34,0.05,0.1,0.5,4,0.0,True,True,False,0.0,True,True,182
0.2,2000,35,0.05,0.1,0.5,4,0.0,True,True,False,0.0,True,True,199
0.2,2000,36,0.05,0.1,0.5,4,0.0,True,True,False,0.0,True,True,196
0.2,2000,37,0.05,0.1,0.5,4,0.0,True,True,False,0.0,True,True,189
0.2,2000,38,0.05,0.1,0.5,4,0.0,True,True,False,0.0,True,True,192
0.2,2000,39,0.05,0.1,0.5,4,0.0,True,True,False,0.0,True,True,205
0.2,2000,40,0.05,0.1,0.5,4,0.0,True,True,False,0.0,True,True,191
0.2,2000,41,0.05,0.1,0.5,4,0.0,True,True,False,0.0,True,True,193
0.2,2000,42,0.05,0.1,0.5,4,0.0,True,True,False,0.0,True,True,194
0.2,2000,43,0.05,0.1,0.5,4,0.0,True,True,False,0.0,True,True,191
0.2,2000,44,0.05,0.1,0.5,4,0.0,True,True,False,0.0,True,True,199
0.2,2000,45,0.05,0.1,0.5,4,0.0,True,True,False,0.0,True,True,171
0.2,2000,46,0.05,0.1,0.5,4,0.0,True,True,False,0.0,True,True,202
0.2,2000,47,0.05,0.1,0.5,4,0.0,True,True,False,0.0,True,True,198
0.2,2000,48,0.05,0.1,0.5,4,0.0,True,True,False,0.0,True,True,179
0.2,2000,49,0.05,0.1,0.5,4,0.0,True,True,False,0.0,True,True,168
0.2,5000,0,0.05,0.1,0.5,4,0.0,True,True,False,0.0,True,True,505
0.2,5000,1,0.05,0.1,0.5,4,0.0,True,True,False,0.0,True,True,483
0.2,5000,2,0.05,0.1,0.5,4,0.0,True,True,False,0.0,True,True,483
0.2,5000,3,0.05,0.1,0.5,4,0.0,True,True,False,0.0,True,True,498
0.2,5000,4,0.05,0.1,0.5,4,0.0,True,True,False,0.0,True,True,478
0.2,5000,5,0.05,0.1,0.5,4,0.0,True,True,False,0.0,True,True,505
0.2,5000,6,0.05,0.1,0.5,4,0.0,True,True,False,0.0,True,True,461
0.2,5000,7,0.05,0.1,0.5,4,0.0,True,True,False,0.0,True,True,517
0.2,5000,8,0.05,0.1,0.5,4,0.0,True,True,False,0.0,True,True,441
0.2,5000,9,0.05,0.1,0.5,4,0.0,True,True,False,0.0,True,True,492
0.2,5000,10,0.05,0.1,0.5,4,0.0,True,True,False,0.0,True,True,479
0.2,5000,11,0.05,0.1,0.5,4,0.0,True,True,False,0.0,True,True,461
0.2,5000,12,0.05,0.1,0.5,4,0.0,True,True,False,0.0,True,True,533
0.2,5000,13,0.05,0.1,0.5,4,0.0,True,True,False,0.0,True,True,499
0.2,5000,14,0.05,0.1,0.5,4,0.0,True,True,False,0.0,True,True,506
0.2,5000,15,0.05,0.1,0.5,4,0.0,True,True,False,0.0,True,True,476
0.2,5000,16,0.05,0.1,0.5,4,0.0,True,True,False,0.0,True,True,516
0.2,5000,17,0.05,0.1,0.5,4,0.0,True,True,False,0.0,True,True,504
0.2,5000,18,0.05,0.1,0.5,4,0.0,True,True,False,0.0,True,True,513
0.2,5000,19,0.05,0.1,0.5,4,0.0,True,True,False,0.0,True,True,458
0.2,5000,20,0.05,0.1,0.5,4,0.0,True,True,False,0.0,True,True,485
0.2,5000,21,0.05,0.1,0.5,4,0.0,True,True,False,0.0,True,True,506
0.2,5000,22,0.05,0.1,0.5,4,0.0,True,True,False,0.0,True,True,493
0.2,5000,23,0.05,0.1,0.5,4,0.0,True,True,False,0.0,True,True,454
0.2,5000,24,0.05,0.1,0.5,4,0.0,True,True,False,0.0,True,True,523
0.2,5000,25,0.05,0.1,0.5,4,0.0,True,True,False,0.0,True,True,487
0.2,5000,26,0.05,0.1,0.5,4,0.0,True,True,False,0.0,True,True,464
0.2,5000,27,0.05,0.1,0.5,4,0.0,True,True,False,0.0,True,True,465
0.2,5000,28,0.05,0.1,0.5,4,0.0,True,True,False,0.0,True,True,472
0.2,5000,29,0.05,0.1,0.5,4,0.0,True,True,False,0.0,True,True,506
0.2,5000,30,0.05,0.1,0.5,4,0.0,True,True,False,0.0,True,True,490
0.2,5000,31,0.05,0.1,0.5,4,0.0,True,True,False,0.0,True,True,505
0.2,5000,32,0.05,0.1,0.5,4,0.0,True,True,False,0.0,True,True,471
0.2,5000,33,0.05,0.1,0.5,4,0.0,True,True,False,0.0,True,True,497
0.2,5000,34,0.05,0.1,0.5,4,0.0,True,True,False,0.0,True,True,480
0.2,5000,35,0.05,0.1,0.5,4,0.0,True,True,False,0.0,True,True,493
0.2,5000,36,0.05,0.1,0.5,4,0.0,True,True,False,0.0,True,True,487
0.2,5000,37,0.05,0.1,0.5,4,0.0,True,True,False,0.0,True,True,529
0.2,5000,38,0.05,0.1,0.5,4,0.0,True,True,False,0.0,True,True,488
0.2,5000,39,0.05,0.1,0.5,4,0.0,True,True,False,0.0,True,True,490
0.2,5000,40,0.05,0.1,0.5,4,0.0,True,True,False,0.0,True,True,502
0.2,5000,41,0.05,0.1,0.5,4,0.0,True,True,False,0.0,True,True,490
0.2,5000,42,0.05,0.1,0.5,4,0.0,True,True,False,0.0,True,True,488
0.2,5000,43,0.05,0.1,0.5,4,0.0,True,True,False,0.0,True,True,484
0.2,5000,44,0.05,0.1,0.5,4,0.0,True,True,False,0.0,True,True,473
0.2,5000,45,0.05,0.1,0.5,4,0.0,True,True,False,0.0,True,True,474
0.2,5000,46,0.05,0.1,0.5,4,0.0,True,True,False,0.0,True,True,502
0.2,5000,47,0.05,0.1,0.5,4,0.0,True,True,False,0.0,True,True,494
0.2,5000,48,0.05,0.1,0.5,4,0.0,True,True,False,0.0,True,True,512
0.2,5000,49,0.05,0.1,0.5,4,0.0,True,True,False,0.0,True,True,521
0.2,10000,0,0.05,0.1,0.5,4,0.0,True,True,False,0.0,True,True,984
0.2,10000,1,0.05,0.1,0.5,4,0.0,True,True,False,0.0,True,True,973
0.2,10000,2,0.05,0.1,0.5,4,0.0,True,True,False,0.0,True,True,981
0.2,10000,3,0.05,0.1,0.5,4,0.0,True,True,False,0.0,True,True,1024
0.2,10000,4,0.05,0.1,0.5,4,0.0,True,True,False,0.0,True,True,941
0.2,10000,5,0.05,0.1,0.5,4,0.0,True,True,False,0.0,True,True,963
0.2,10000,6,0.05,0.1,0.5,4,0.0,True,True,False,0.0,True,True,986
0.2,10000,7,0.05,0.1,0.5,4,0.0,True,True,False,0.0,True,True,995
0.2,10000,8,0.05,0.1,0.5,4,0.0,True,True,False,0.0,True,True,973
0.2,10000,9,0.05,0.1,0.5,4,0.0,True,True,False,0.0,True,True,977
0.2,10000,10,0.05,0.1,0.5,4,0.0,True,True,False,0.0,True,True,983
0.2,10000,11,0.05,0.1,0.5,4,0.0,True,True,False,0.0,True,True,970
0.2,10000,12,0.05,0.1,0.5,4,0.0,True,True,False,0.0,True,True,969
0.2,10000,13,0.05,0.1,0.5,4,0.0,True,True,False,0.0,True,True,917
0.2,10000,14,0.05,0.1,0.5,4,0.0,True,True,False,0.0,True,True,963
0.2,10000,15,0.05,0.1,0.5,4,0.0,True,True,False,0.0,True,True,1036
0.2,10000,16,0.05,0.1,0.5,4,0.0,True,True,False,0.0,True,True,972
0.2,10000,17,0.05,0.1,0.5,4,0.0,True,True,False,0.0,True,True,1004
0.2,10000,18,0.05,0.1,0.5,4,0.0,True,True,False,0.0,True,True,1042
0.2,10000,19,0.05,0.1,0.5,4,0.0,True,True,False,0.0,True,True,973
0.2,10000,20,0.05,0.1,0.5,4,0.0,True,True,False,0.0,True,True,962
0.2,10000,21,0.05,0.1,0.5,4,0.0,True,True,False,0.0,True,True,988
0.2,10000,22,0.05,0.1,0.5,4,0.0,True,True,False,0.0,True,True,975
0.2,10000,23,0.05,0.1,0.5,4,0.0,True,True,False,0.0,True,True,989
0.2,10000,24,0.05,0.1,0.5,4,0.0,True,True,False,0.0,True,True,1006
0.2,10000,25,0.05,0.1,0.5,4,0.0,True,True,False,0.0,True,True,931
0.2,10000,26,0.05,0.1,0.5,4,0.0,True,True,False,0.0,True,True,965
0.2,10000,27,0.05,0.1,0.5,4,0.0,True,True,False,0.0,True,True,1008
0.2,10000,28,0.05,0.1,0.5,4,0.0,True,True,False,0.0,True,True,1010
0.2,10000,29,0.05,0.1,0.5,4,0.0,True,True,False,0.0,True,True,981
0.2,10000,30,0.05,0.1,0.5,4,0.0,True,True,False,0.0,True,True,1008
0.2,10000,31,0.05,0.1,0.5,4,0.0,True,True,False,0.0,True,True,1024
0.2,10000,32,0.05,0.1,0.5,4,0.0,True,True,False,0.0,True,True,1007
0.2,10000,33,0.05,0.1,0.5,4,0.0,True,True,False,0.0,True,True,988
0.2,10000,34,0.05,0.1,0.5,4,0.0,True,True,False,0.0,True,True,1005
0.2,10000,35,0.05,0.1,0.5,4,0.0,True,True,False,0.0,True,True,956
0.2,10000,36,0.05,0.1,0.5,4,0.0,True,True,False,0.0,True,True,978
0.2,10000,37,0.05,0.1,0.5,4,0.0,True,True,False,0.0,True,True,997
0.2,10000,38,0.05,0.1,0.5,4,0.0,True,True,False,0.0,True,True,998
0.2,10000,39,0.05,0.1,0.5,4,0.0,True,True,False,0.0,True,True,993
0.2,10000,40,0.05,0.1,0.5,4,0.0,True,True,False,0.0,True,True,976
0.2,10000,41,0.05,0.1,0.5,4,0.0,True,True,False,0.0,True,True,1008
0.2,10000,42,0.05,0.1,0.5,4,0.0,True,True,False,0.0,True,True,1019
0.2,10000,43,0.05,0.1,0.5,4,0.0,True,True,False,0.0,True,True,935
0.2,10000,44,0.05,0.1,0.5,4,0.0,True,True,False,0.0,True,True,1044
0.2,10000,45,0.05,0.1,0.5,4,0.0,True,True,False,0.0,True,True,991
0.2,10000,46,0.05,0.1,0.5,4,0.0,True,True,False,0.0,True,True,991
0.2,10000,47,0.05,0.1,0.5,4,0.0,True,True,False,0.0,True,True,999
0.2,10000,48,0.05,0.1,0.5,4,0.0,True,True,False,0.0,True,True,985
0.2,10000,49,0.05,0.1,0.5,4,0.0,True,True,False,0.0,True,True,979
0.1,50,0,0.05,0.1,0.5,4,0.9140987178409621,False,False,False,0.0,True,True,3
0.1,50,1,0.05,0.1,0.5,4,1.0,False,False,False,0.0,True,True,3
0.1,50,2,0.05,0.1,0.5,4,0.690993680334339,False,False,False,0.0,True,True,2
0.1,50,3,0.05,0.1,0.5,4,0.9140987178409621,False,False,False,0.0,True,True,3
0.1,50,4,0.05,0.1,0.5,4,1.0,False,False,False,0.0,True,True,1
0.1,50,5,0.05,0.1,0.5,4,1.0,False,False,False,0.0,True,True,1
0.1,50,6,0.05,0.1,0.5,4,1.0,False,False,False,0.0,True,True,2
0.1,50,7,0.05,0.1,0.5,4,1.0,False,False,False,0.0,True,True,3
0.1,50,8,0.05,0.1,0.5,4,1.0,False,False,False,0.0,True,True,0
0.1,50,9,0.05,0.1,0.5,4,0.9140987178409621,False,False,False,0.0,True,True,4
0.1,50,10,0.05,0.1,0.5,4,0.8175947484951165,False,False,False,0.0,True,True,0
0.1,50,11,0.05,0.1,0.5,4,1.0,False,False,False,0.0,True,True,0
0.1,50,12,0.05,0.1,0.5,4,1.0,False,False,False,0.0,True,True,3
0.1,50,13,0.05,0.1,0.5,4,1.0,False,False,False,0.0,True,True,2
0.1,50,14,0.05,0.1,0.5,4,1.0,False,False,False,0.0,True,True,1
0.1,50,15,0.05,0.1,0.5,4,0.8175947484951165,False,False,False,0.0,True,True,1
0.1,50,16,0.05,0.1,0.5,4,1.0,False,False,False,0.0,True,True,3
0.1,50,17,0.05,0.1,0.5,4,1.0,False,False,False,0.0,True,True,1
0.1,50,18,0.05,0.1,0.5,4,1.0,False,False,False,0.0,True,True,1
0.1,50,19,0.05,0.1,0.5,4,1.0,False,False,False,0.0,True,True,2
0.1,50,20,0.05,0.1,0.5,4,0.8175947484951165,False,False,False,0.0,True,True,3
0.1,50,21,0.05,0.1,0.5,4,1.0,False,False,False,0.0,True,True,2
0.1,50,22,0.05,0.1,0.5,4,1.0,False,False,False,0.0,True,True,2
0.1,50,23,0.05,0.1,0.5,4,1.0,False,False,False,0.0,True,True,1
0.1,50,24,0.05,0.1,0.5,4,0.8175947484951165,False,False,False,0.0,True,True,3
0.1,50,25,0.05,0.1,0.5,4,1.0,False,False,False,0.0,True,True,2
0.1,50,26,0.05,0.1,0.5,4,1.0,False,False,False,0.0,True,True,2
0.1,50,27,0.05,0.1,0.5,4,1.0,False,False,False,0.0,True,True,2
0.1,50,28,0.05,0.1,0.5,4,0.7463584777475637,False,False,False,0.0,True,True,3
0.1,50,29,0.05,0.1,0.5,4,1.0,False,False,False,0.0,True,True,1
0.1,50,30,0.05,0.1,0.5,4,0.9140987178409621,False,False,False,0.0,True,True,4
0.1,50,31,0.05,0.1,0.5,4,0.9140987178409621,False,False,False,0.0,True,True,2
0.1,50,32,0.05,0.1,0.5,4,1.0,False,False,False,0.0,True,True,2
0.1,50,33,0.05,0.1,0.5,4,0.9140987178409621,False,False,False,0.0,True,True,3
0.1,50,34,0.05,0.1,0.5,4,1.0,False,False,False,0.0,True,True,2
0.1,50,35,0.05,0.1,0.5,4,0.8175947484951165,False,False,False,0.0,True,True,4
0.1,50,36,0.05,0.1,0.5,4,1.0,False,False,False,0.0,True,True,1
0.1,50,37,0.05,0.1,0.5,4,1.0,False,False,False,0.0,True,True,2
0.1,50,38,0.05,0.1,0.5,4,1.0,False,False,False,0.0,True,True,2
0.1,50,39,0.05,0.1,0.5,4,1.0,False,False,False,0.0,True,True,1
0.1,50,40,0.05,0.1,0.5,4,1.0,False,False,False,0.0,True,True,1
0.1,50,41,0.05,0.1,0.5,4,0.9140987178409621,False,False,False,0.0,True,True,2
0.1,50,42,0.05,0.1,0.5,4,0.8175947484951165,False,False,False,0.0,True,True,3
0.1,50,43,0.05,0.1,0.5,4,1.0,False,False,False,0.0,True,True,3
0.1,50,44,0.05,0.1,0.5,4,1.0,False,False,False,0.0,True,True,1
0.1,50,45,0.05,0.1,0.5,4,1.0,False,False,False,0.0,True,True,2
0.1,50,46,0.05,0.1,0.5,4,1.0,False,False,False,0.0,True,True,0
0.1,50,47,0.05,0.1,0.5,4,1.0,False,False,False,0.0,True,True,3
0.1,50,48,0.05,0.1,0.5,4,0.8175947484951165,False,False,False,0.0,True,True,3
0.1,50,49,0.05,0.1,0.5,4,0.7463584777475637,False,False,False,0.0,True,True,2
0.1,100,0,0.05,0.1,0.5,4,0.7463584777475637,False,False,False,0.0,True,True,5
0.1,100,1,0.05,0.1,0.5,4,0.6093991452273081,False,False,False,0.0,True,True,8
0.1,100,2,0.05,0.1,0.5,4,1.0,False,False,False,0.0,True,True,3
0.1,100,3,0.05,0.1,0.5,4,1.0,False,False,False,0.0,True,True,2
0.1,100,4,0.05,0.1,0.5,4,0.6463654020592728,False,False,False,0.0,True,True,8
0.1,100,5,0.05,0.1,0.5,4,0.6604571955885258,False,False,False,0.0,True,True,4
0.1,100,6,0.05,0.1,0.5,4,0.7463584777475637,False,False,False,0.0,True,True,4
0.1,100,7,0.05,0.1,0.5,4,0.5781267909234067,False,False,False,0.0,True,True,5
0.1,100,8,0.05,0.1,0.5,4,0.8175947484951165,False,False,False,0.0,True,True,3
0.1,100,9,0.05,0.1,0.5,4,1.0,False,False,False,0.0,True,True,2
0.1,100,10,0.05,0.1,0.5,4,0.9427324785606415,False,False,False,0.0,True,True,2
0.1,100,11,0.05,0.1,0.5,4,0.690993680334339,False,False,False,0.0,True,True,4
0.1,100,12,0.05,0.1,0.5,4,0.690993680334339,False,False,False,0.0,True,True,5
0.1,100,13,0.05,0.1,0.5,4,1.0,False,False,False,0.0,True,True,3
0.1,100,14,0.05,0.1,0.5,4,1.0,False,False,False,0.0,True,True,3
0.1,100,15,0.05,0.1,0.5,4,0.9140987178409621,False,False,False,0.0,True,True,4
0.1,100,16,0.05,0.1,0.5,4,0.6093991452273081,False,False,False,0.0,True,True,5
0.1,100,17,0.05,0.1,0.5,4,0.8175947484951165,False,False,False,0.0,True,True,5
0.1,100,18,0.05,0.1,0.5,4,0.7306198929093468,False,False,False,0.0,True,True,5
0.1,100,19,0.05,0.1,0.5,4,0.9140987178409621,False,False,False,0.0,True,True,4
0.1,100,20,0.05,0.1,0.5,4,1.0,False,False,False,0.0,True,True,2
0.1,100,21,0.05,0.1,0.5,4,0.9427324785606415,False,False,False,0.0,True,True,2
0.1,100,22,0.05,0.1,0.5,4,0.8175947484951165,False,False,False,0.0,True,True,5
0.1,100,23,0.05,0.1,0.5,4,0.8908066838895868,False,False,False,0.0,True,True,4
0.1,100,24,0.05,0.1,0.5,4,1.0,False,False,False,0.0,True,True,2
0.1,100,25,0.05,0.1,0.5,4,0.7463584777475637,False,False,False,0.0,True,True,6
0.1,100,26,0.05,0.1,0.5,4,0.8271238622551924,False,False,False,0.0,True,True,4
0.1,100,27,0.05,0.1,0.5,4,0.9140987178409621,False,False,False,0.0,True,True,4
0.1,100,28,0.05,0.1,0.5,4,0.8175947484951165,False,False,False,0.0,True,True,5
0.1,100,29,0.05,0.1,0.5,4,0.9140987178409621,False,False,False,0.0,True,True,2
0.1,100,30,0.05,0.1,0.5,4,1.0,False,False,False,0.0,True,True,3
0.1,100,31,0.05,0.1,0.5,4,0.9140987178409621,False,False,False,0.0,True,True,4
0.1,100,32,0.05,0.1,0.5,4,0.9140987178409621,False,False,False,0.0,True,True,4
0.1,100,33,0.05,0.1,0.5,4,0.7463584777475637,False,False,False,0.0,True,True,2
0.1,100,34,0.05,0.1,0.5,4,0.6093991452273081,False,False,False,0.0,True,True,3
0.1,100,35,0.05,0.1,0.5,4,1.0,False,False,False,0.0,True,True,3
0.1,100,36,0.05,0.1,0.5,4,0.747949541032444,False,False,False,0.0,True,True,4
0.1,100,37,0.05,0.1,0.5,4,0.8175947484951165,False,False,False,0.5,True,True,3
0.1,100,38,0.05,0.1,0.5,4,0.6463654020592728,False,False,False,0.0,True,True,5
0.1,100,39,0.05,0.1,0.5,4,0.7943027145437412,False,False,False,0.0,True,True,5
0.1,100,40,0.05,0.1,0.5,4,0.9140987178409621,False,False,False,0.0,True,True,4
0.1,100,41,0.05,0.1,0.5,4,0.8175947484951165,False,False,False,0.0,True,True,4
0.1,100,42,0.05,0.1,0.5,4,0.690993680334339,False,False,False,0.0,True,True,5
0.1,100,43,0.05,0.1,0.5,4,0.7463584777475637,False,False,False,0.0,True,True,5
0.1,100,44,0.05,0.1,0.5,4,0.5277551408113712,False,False,False,0.0,True,True,5
0.1,100,45,0.05,0.1,0.5,4,0.8175947484951165,False,False,False,0.0,True,True,5
0.1,100,46,0.05,0.1,0.5,4,1.0,False,False,False,0.0,True,True,3
0.1,100,47,0.05,0.1,0.5,4,0.6463654020592728,False,False,False,0.0,True,True,6
0.1,100,48,0.05,0.1,0.5,4,0.8175947484951165,False,False,False,0.0,True,True,5
0.1,100,49,0.05,0.1,0.5,4,0.9140987178409621,False,False,False,0.0,True,True,4
0.1,200,0,0.05,0.1,0.5,4,0.6093991452273081,False,False,False,0.0,True,True,8
0.1,200,1,0.05,0.1,0.5,4,0.6093991452273081,False,False,False,0.0,True,True,9
0.1,200,2,0.05,0.1,0.5,4,0.6093991452273081,False,False,False,0.0,True,True,9
0.1,200,3,0.05,0.1,0.5,4,0.9140987178409621,False,False,False,0.0,True,True,4
0.1,200,4,0.05,0.1,0.5,4,0.47203854813167984,False,False,False,0.0,True,True,6
0.1,200,5,0.05,0.1,0.5,4,0.8175947484951165,False,False,False,0.0,True,True,5
0.1,200,6,0.05,0.1,0.5,4,0.5277551408113712,False,False,False,0.0,True,True,12
0.1,200,7,0.05,0.1,0.5,4,0.2842627157903347,False,False,False,0.0,True,True,11
0.1,200,8,0.05,0.1,0.5,4,0.6691204712577458,False,False,False,0.0,True,True,7
0.1,200,9,0.05,0.1,0.5,4,0.6093991452273081,False,False,False,0.0,True,True,9
0.1,200,10,0.05,0.1,0.5,4,0.7463584777475637,False,False,False,0.0,True,True,6
0.1,200,11,0.05,0.1,0.5,4,0.7463584777475637,False,False,False,0.0,True,True,6
0.1,200,12,0.05,0.1,0.5,4,0.6463654020592728,False,False,False,0.0,True,True,8
0.1,200,13,0.05,0.1,0.5,4,0.5781267909234067,False,False,False,0.0,True,True,10
0.1,200,14,0.05,0.1,0.5,4,0.5512222669860765,False,False,False,0.0,True,True,10
0.1,200,15,0.05,0.1,0.5,4,0.5277551408113712,False,False,False,0.0,True,True,8
0.1,200,16,0.05,0.1,0.5,4,0.6463654020592728,False,False,False,0.0,True,True,8
0.1,200,17,0.05,0.1,0.5,4,0.6463654020592728,False,False,False,0.0,True,True,7
0.1,200,18,0.05,0.1,0.5,4,0.507050738155612,False,False,False,0.0,True,True,5
0.1,200,19,0.05,0.1,0.5,4,0.8175947484951165,False,False,False,0.0,True,True,5
0.1,200,20,0.05,0.1,0.5,4,0.6463654020592728,False,False,False,0.0,True,True,8
0.1,200,21,0.05,0.1,0.5,4,0.5781267909234067,False,False,False,0.0,True,True,10
0.1,200,22,0.05,0.1,0.5,4,0.6081714260272284,False,False,False,0.0,True,True,7
0.1,200,23,0.05,0.1,0.5,4,0.6093991452273081,False,False,False,0.0,True,True,9
0.1,200,24,0.05,0.1,0.5,4,0.37894850414778913,False,False,False,0.0,True,True,9
0.1,200,25,0.05,0.1,0.5,4,0.5293490579094832,False,False,False,0.0,True,True,10
0.1,200,26,0.05,0.1,0.5,4,0.6093991452273081,False,False,False,0.0,True,True,9
0.1,200,27,0.05,0.1,0.5,4,0.42412054287064405,False,False,False,0.0,True,True,8
0.1,200,28,0.05,0.1,0.5,4,0.5781267909234067,False,False,False,0.0,True,True,6
0.1,200,29,0.05,0.1,0.5,4,0.4886063171214607,False,False,False,0.0,True,True,8
0.1,200,30,0.05,0.1,0.5,4,0.5781267909234067,False,False,False,0.0,True,True,8
0.1,200,31,0.05,0.1,0.5,4,0.6463654020592728,False,False,False,0.0,True,True,8
0.1,200,32,0.05,0.1,0.5,4,0.3888436149560758,False,False,False,0.0,True,True,12
0.1,200,33,0.05,0.1,0.5,4,0.6093991452273081,False,False,False,0.0,True,True,9
0.1,200,34,0.05,0.1,0.5,4,0.4956440744641143,False,False,False,0.0,True,True,11
0.1,200,35,0.05,0.1,0.5,4,0.35659414845108967,False,False,False,0.0,True,True,11
0.1,200,36,0.05,0.1,0.5,4,0.4330281245994985,False,False,False,0.0,True,True,12
0.1,200,37,0.05,0.1,0.5,4,0.507050738155612,False,False,False,0.0,True,True,5
0.1,200,38,0.05,0.1,0.5,4,0.6093991452273081,False,False,False,0.0,True,True,6
0.1,200,39,0.05,0.1,0.5,4,0.46874882114571026,False,False,False,0.0,True,True,7
0.1,200,40,0.05,0.1,0.5,4,0.6093991452273081,False,False,False,0.0,True,True,9
0.1,200,41,0.05,0.1,0.5,4,0.47203854813167984,False,False,False,0.0,True,True,9
0.1,200,42,0.05,0.1,0.5,4,0.6296988951326856,False,False,False,0.0,True,True,7
0.1,200,43,0.05,0.1,0.5,4,0.6463654020592728,False,False,False,0.0,True,True,8
0.1,200,44,0.05,0.1,0.5,4,0.46840001267896575,False,False,False,0.0,True,True,11
0.1,200,45,0.05,0.1,0.5,4,0.41231074113078103,False,False,False,0.0,True,True,11
0.1,200,46,0.05,0.1,0.5,4,0.5277551408113712,False,False,False,0.0,True,True,7
0.1,200,47,0.05,0.1,0.5,4,0.2741136185589349,False,False,False,0.0,True,True,6
0.1,200,48,0.05,0.1,0.5,4,0.4886063171214607,False,False,False,0.0,True,True,7
0.1,200,49,0.05,0.1,0.5,4,0.5781267909234067,False,False,False,0.0,True,True,8
0.1,500,0,0.05,0.1,0.5,4,0.27614637675096654,False,False,False,0.0,True,True,19
0.1,500,1,0.05,0.1,0.5,4,0.2708880215377537,False,False,False,0.0,True,True,28
0.1,500,2,0.05,0.1,0.5,4,0.24458487448574573,False,False,False,0.0,True,True,21
0.1,500,3,0.05,0.1,0.5,4,0.3154124900632611,False,False,False,0.0,True,True,22
0.1,500,4,0.05,0.1,0.5,4,0.17153709999385497,False,False,False,0.0,True,True,16
0.1,500,5,0.05,0.1,0.5,4,0.27915265330699096,False,False,False,0.0,True,True,20
0.1,500,6,0.05,0.1,0.5,4,0.35020138532921463,False,False,False,0.0,True,True,19
0.1,500,7,0.05,0.1,0.5,4,0.38120551708186307,False,False,False,0.0,True,True,13
0.1,500,8,0.05,0.1,0.5,4,0.21647792109725844,False,False,False,0.0,True,True,23
0.1,500,9,0.05,0.1,0.5,4,0.23171825422925962,False,False,False,0.0,True,True,24
0.1,500,10,0.05,0.1,0.5,4,0.324640024974459,False,False,False,0.0,True,True,21
0.1,500,11,0.05,0.1,0.5,4,0.23272704571472425,False,False,False,0.0,True,True,21
0.1,500,12,0.05,0.1,0.5,4,0.3771846661182999,False,False,False,0.0,True,True,17
0.1,500,13,0.05,0.1,0.5,4,0.2235546612922396,False,False,False,0.0,True,True,22
0.1,500,14,0.05,0.1,0.5,4,0.30408950691329706,False,False,False,0.0,True,True,18
0.1,500,15,0.05,0.1,0.5,4,0.08360506041300753,True,True,False,0.0,True,True,21
0.1,500,16,0.05,0.1,0.5,4,0.3257227858432992,False,False,False,0.0,True,True,20
0.1,500,17,0.05,0.1,0.5,4,0.26148366287212343,False,False,False,0.0,True,True,23
0.1,500,18,0.05,0.1,0.5,4,0.203708665084187,False,False,False,0.0,True,True,18
0.1,500,19,0.05,0.1,0.5,4,0.0890366536298638,True,True,False,0.0,True,True,31
0.1,500,20,0.05,0.1,0.5,4,0.161734102836403,False,False,False,0.0,True,True,29
0.1,500,21,0.05,0.1,0.5,4,0.4309102680395152,False,False,False,0.0,True,True,18
0.1,500,22,0.05,0.1,0.5,4,0.21867607904095138,False,False,False,0.0,True,True,24
0.1,500,23,0.05,0.1,0.5,4,0.13104888026342776,False,False,False,0.0,True,True,23
0.1,500,24,0.05,0.1,0.5,4,0.1456063429624187,False,False,False,0.0,True,True,25
0.1,500,25,0.05,0.1,0.5,4,0.3164275631015089,False,False,False,0.0,True,True,24
0.1,500,26,0.05,0.1,0.5,4,0.33378165836536333,False,False,False,0.0,True,True,19
0.1,500,27,0.05,0.1,0.5,4,0.15385913525930267,False,False,False,0.0,True,True,26
0.1,500,28,0.05,0.1,0.5,4,0.190051587562593,False,False,False,0.0,True,True,24
0.1,500,29,0.05,0.1,0.5,4,0.30408950691329706,False,False,False,0.0,True,True,18
0.1,500,30,0.05,0.1,0.5,4,0.3394877410733739,False,False,False,0.0,True,True,29
0.1,500,31,0.05,0.1,0.5,4,0.1236962655520143,False,False,False,0.0,True,True,23
0.1,500,32,0.05,0.1,0.5,4,0.2768028471321788,False,False,False,0.0,True,True,17
0.1,500,33,0.05,0.1,0.5,4,0.1995555573797601,False,False,False,0.0,True,True,22
0.1,500,34,0.05,0.1,0.5,4,0.2552299770293938,False,False,False,0.0,True,True,13
0.1,500,35,0.05,0.1,0.5,4,0.35322672738106503,False,False,False,0.0,True,True,20
0.1,500,36,0.05,0.1,0.5,4,0.38120551708186307,False,False,False,0.0,True,True,23
0.1,500,37,0.05,0.1,0.5,4,0.3796274811853281,False,False,False,0.0,True,True,21
0.1,500,38,0.05,0.1,0.5,4,0.24831510241361893,False,False,False,0.0,True,True,21
0.1,500,39,0.05,0.1,0.5,4,0.14029423057247853,False,False,False,0.0,True,True,24
0.1,500,40,0.05,0.1,0.5,4,0.2129557039565127,False,False,False,0.0,True,True,22
0.1,500,41,0.05,0.1,0.5,4,0.17105142262231154,False,False,False,0.0,True,True,23
0.1,500,42,0.05,0.1,0.5,4,0.33420235606038307,False,False,False,0.0,True,True,22
0.1,500,43,0.05,0.1,0.5,4,0.3400028913294213,False,False,False,0.0,True,True,20
0.1,500,44,0.05,0.1,0.5,4,0.05834933274802939,True,True,False,0.0,True,True,24
0.1,500,45,0.05,0.1,0.5,4,0.36563948713638483,False,False,False,0.0,True,True,19
0.1,500,46,0.05,0.1,0.5,4,0.2883943982952696,False,False,False,0.0,True,True,21
0.1,500,47,0.05,0.1,0.5,4,0.2660878121684148,False,False,False,0.0,True,True,25
0.1,500,48,0.05,0.1,0.5,4,0.0,True,True,False,0.0,True,True,25
0.1,500,49,0.05,0.1,0.5,4,0.312527914085761,False,False,False,0.0,True,True,21
0.1,1000,0,0.05,0.1,0.5,4,0.0287549841942229,True,True,False,0.0,True,True,51
0.1,1000,1,0.05,0.1,0.5,4,0.0910777436554146,True,True,False,0.0,True,True,45
0.1,1000,2,0.05,0.1,0.5,4,0.0,True,True,False,0.0,True,True,45
0.1,1000,3,0.05,0.1,0.5,4,0.055660877543919685,True,True,False,0.0,True,True,48
0.1,1000,4,0.05,0.1,0.5,4,0.12586697236057412,False,False,False,0.0,True,True,49
0.1,1000,5,0.05,0.1,0.5,4,0.05733442558460525,True,True,False,0.0,True,True,46
0.1,1000,6,0.05,0.1,0.5,4,0.025415443597471,True,True,False,0.0,True,True,44
0.1,1000,7,0.05,0.1,0.5,4,0.01955386417798205,True,True,False,0.0,True,True,44
0.1,1000,8,0.05,0.1,0.5,4,0.0,True,True,False,0.0,True,True,44
0.1,1000,9,0.05,0.1,0.5,4,0.010583777709211428,True,True,False,0.0,True,True,43
0.1,1000,10,0.05,0.1,0.5,4,0.01829181902529947,True,True,False,0.0,True,True,43
0.1,1000,11,0.05,0.1,0.5,4,0.17817427452762874,False,False,False,0.0,True,True,37
0.1,1000,12,0.05,0.1,0.5,4,0.06079631158852353,True,True,False,0.0,True,True,55
0.1,1000,13,0.05,0.1,0.5,4,0.06519584028394965,True,True,False,0.0,True,True,50
0.1,1000,14,0.05,0.1,0.5,4,0.05514237451361856,True,True,False,0.0,True,True,44
0.1,1000,15,0.05,0.1,0.5,4,0.0,True,True,False,0.0,True,True,41
0.1,1000,16,0.05,0.1,0.5,4,0.0,True,True,False,0.0,True,True,45
0.1,1000,17,0.05,0.1,0.5,4,0.02758365447641531,True,True,False,0.0,True,True,43
0.1,1000,18,0.05,0.1,0.5,4,0.0,True,True,False,0.0,True,True,37
0.1,1000,19,0.05,0.1,0.5,4,0.08126350964061976,True,True,False,0.0,True,True,36
0.1,1000,20,0.05,0.1,0.5,4,0.03893597966933604,True,True,False,0.0,True,True,51
0.1,1000,21,0.05,0.1,0.5,4,0.0,True,True,False,0.0,True,True,43
0.1,1000,22,0.05,0.1,0.5,4,0.0,True,True,False,0.0,True,True,47
0.1,1000,23,0.05,0.1,0.5,4,0.12317953130565662,False,False,False,0.0,True,True,46
0.1,1000,24,0.05,0.1,0.5,4,0.0,True,True,False,0.0,True,True,40
0.1,1000,25,0.05,0.1,0.5,4,0.0,True,True,False,0.0,True,True,42
0.1,1000,26,0.05,0.1,0.5,4,0.03503174811913873,True,True,False,0.0,True,True,37
0.1,1000,27,0.05,0.1,0.5,4,0.03128665379341938,True,True,False,0.0,True,True,36
0.1,1000,28,0.05,0.1,0.5,4,0.10855947398388022,False,False,False,0.0,True,True,45
0.1,1000,29,0.05,0.1,0.5,4,0.0,True,True,False,0.0,True,True,40
0.1,1000,30,0.05,0.1,0.5,4,0.09930275550960449,True,True,False,0.0,True,True,53
0.1,1000,31,0.05,0.1,0.5,4,0.15385979182126092,False,False,False,0.0,True,True,44
0.1,1000,32,0.05,0.1,0.5,4,0.10649003626525799,False,False,False,0.0,True,True,43
0.1,1000,33,0.05,0.1,0.5,4,0.11738916779860772,False,False,False,0.0,True,True,42
0.1,1000,34,0.05,0.1,0.5,4,0.028475740007981393,True,True,False,0.0,True,True,49
0.1,1000,35,0.05,0.1,0.5,4,0.02446530122573673,True,True,False,0.0,True,True,51
0.1,1000,36,0.05,0.1,0.5,4,0.0273121882890143,True,True,False,0.0,True,True,52
0.1,1000,37,0.05,0.1,0.5,4,0.0,True,True,False,0.0,True,True,50
0.1,1000,38,0.05,0.1,0.5,4,0.017889235811409027,True,True,False,0.0,True,True,49
0.1,1000,39,0.05,0.1,0.5,4,0.0,True,True,False,0.0,True,True,52
0.1,1000,40,0.05,0.1,0.5,4,0.010820832230836325,True,True,False,0.0,True,True,52
0.1,1000,41,0.05,0.1,0.5,4,0.0681073037070388,True,True,False,0.0,True,True,42
0.1,1000,42,0.05,0.1,0.5,4,0.021116989072880815,True,True,False,0.0,True,True,37
0.1,1000,43,0.05,0.1,0.5,4,0.10653316601195845,False,False,False,0.0,True,True,49
0.1,1000,44,0.05,0.1,0.5,4,0.05733442558460525,True,True,False,0.0,True,True,46
0.1,1000,45,0.05,0.1,0.5,4,0.0,True,True,False,0.0,True,True,45
0.1,1000,46,0.05,0.1,0.5,4,0.016833625732012247,True,True,False,0.0,True,True,42
0.1,1000,47,0.05,0.1,0.5,4,0.0004381307747079177,True,True,False,0.0,True,True,42
0.1,1000,48,0.05,0.1,0.5,4,0.05511894694764674,True,True,False,0.0,True,True,38
0.1,1000,49,0.05,0.1,0.5,4,0.05350276649085939,True,True,False,0.0,True,True,40
0.1,2000,0,0.05,0.1,0.5,4,0.0,True,True,False,0.0,True,True,92
0.1,2000,1,0.05,0.1,0.5,4,0.0,True,True,False,0.0,True,True,96
0.1,2000,2,0.05,0.1,0.5,4,0.0,True,True,False,0.0,True,True,99
0.1,2000,3,0.05,0.1,0.5,4,0.0,True,True,False,0.0,True,True,93
0.1,2000,4,0.05,0.1,0.5,4,0.0,True,True,False,0.0,True,True,92
0.1,2000,5,0.05,0.1,0.5,4,0.0,True,True,False,0.0,True,True,96
0.1,2000,6,0.05,0.1,0.5,4,0.0,True,True,False,0.0,True,True,91
0.1,2000,7,0.05,0.1,0.5,4,0.0,True,True,False,0.0,True,True,88
0.1,2000,8,0.05,0.1,0.5,4,0.0,True,True,False,0.0,True,True,86
0.1,2000,9,0.05,0.1,0.5,4,0.0,True,True,False,0.0,True,True,100
0.1,2000,10,0.05,0.1,0.5,4,0.0,True,True,False,0.0,True,True,91
0.1,2000,11,0.05,0.1,0.5,4,0.0,True,True,False,0.0,True,True,98
0.1,2000,12,0.05,0.1,0.5,4,0.0,True,True,False,0.0,True,True,81
0.1,2000,13,0.05,0.1,0.5,4,0.0,True,True,False,0.0,True,True,86
0.1,2000,14,0.05,0.1,0.5,4,0.0,True,True,False,0.0,True,True,96
0.1,2000,15,0.05,0.1,0.5,4,0.0,True,True,False,0.0,True,True,103
0.1,2000,16,0.05,0.1,0.5,4,0.0,True,True,False,0.0,True,True,86
0.1,2000,17,0.05,0.1,0.5,4,0.0,True,True,False,0.0,True,True,94
0.1,2000,18,0.05,0.1,0.5,4,0.0,True,True,False,0.0,True,True,106
0.1,2000,19,0.05,0.1,0.5,4,0.0,True,True,False,0.0,True,True,106
0.1,2000,20,0.05,0.1,0.5,4,0.0,True,True,False,0.0,True,True,95
0.1,2000,21,0.05,0.1,0.5,4,0.0,True,True,False,0.0,True,True,97
0.1,2000,22,0.05,0.1,0.5,4,0.0,True,True,False,0.0,True,True,89
0.1,2000,23,0.05,0.1,0.5,4,0.0,True,True,False,0.0,True,True,100
0.1,2000,24,0.05,0.1,0.5,4,0.0,True,True,False,0.0,True,True,96
0.1,2000,25,0.05,0.1,0.5,4,0.0,True,True,False,0.0,True,True,104
0.1,2000,26,0.05,0.1,0.5,4,0.0,True,True,False,0.0,True,True,92
0.1,2000,27,0.05,0.1,0.5,4,0.0,True,True,False,0.0,True,True,91
0.1,2000,28,0.05,0.1,0.5,4,0.0,True,True,False,0.0,True,True,100
0.1,2000,29,0.05,0.1,0.5,4,0.0,True,True,False,0.0,True,True,99
0.1,2000,30,0.05,0.1,0.5,4,0.0,True,True,False,0.0,True,True,96
0.1,2000,31,0.05,0.1,0.5,4,0.0,True,True,False,0.0,True,True,99
0.1,2000,32,0.05,0.1,0.5,4,0.0,True,True,False,0.0,True,True,99
0.1,2000,33,0.05,0.1,0.5,4,0.0,True,True,False,0.0,True,True,100
0.1,2000,34,0.05,0.1,0.5,4,0.0,True,True,False,0.0,True,True,94
0.1,2000,35,0.05,0.1,0.5,4,0.0,True,True,False,0.0,True,True,97
0.1,2000,36,0.05,0.1,0.5,4,0.007995558774482242,True,True,False,0.0,True,True,84
0.1,2000,37,0.05,0.1,0.5,4,0.0,True,True,False,0.0,True,True,90
0.1,2000,38,0.05,0.1,0.5,4,0.0,True,True,False,0.0,True,True,95
0.1,2000,39,0.05,0.1,0.5,4,0.0,True,True,False,0.0,True,True,85
0.1,2000,40,0.05,0.1,0.5,4,0.0,True,True,False,0.0,True,True,104
0.1,2000,41,0.05,0.1,0.5,4,0.0,True,True,False,0.0,True,True,94
0.1,2000,42,0.05,0.1,0.5,4,0.0,True,True,False,0.0,True,True,109
0.1,2000,43,0.05,0.1,0.5,4,0.0,True,True,False,0.0,True,True,94
0.1,2000,44,0.05,0.1,0.5,4,0.0,True,True,False,0.0,True,True,100
0.1,2000,45,0.05,0.1,0.5,4,0.0,True,True,False,0.0,True,True,103
0.1,2000,46,0.05,0.1,0.5,4,0.0,True,True,False,0.0,True,True,86
0.1,2000,47,0.05,0.1,0.5,4,0.0,True,True,False,0.0,True,True,88
0.1,2000,48,0.05,0.1,0.5,4,0.0,True,True,False,0.0,True,True,102
0.1,2000,49,0.05,0.1,0.5,4,0.0,True,True,False,0.0,True,True,113
0.1,5000,0,0.05,0.1,0.5,4,0.0,True,True,False,0.0,True,True,242
0.1,5000,1,0.05,0.1,0.5,4,0.0,True,True,False,0.0,True,True,237
0.1,5000,2,0.05,0.1,0.5,4,0.0,True,True,False,0.0,True,True,240
0.1,5000,3,0.05,0.1,0.5,4,0.0,True,True,False,0.0,True,True,234
0.1,5000,4,0.05,0.1,0.5,4,0.0,True,True,False,0.0,True,True,246
0.1,5000,5,0.05,0.1,0.5,4,0.0,True,True,False,0.0,True,True,247
0.1,5000,6,0.05,0.1,0.5,4,0.0,True,True,False,0.0,True,True,239
0.1,5000,7,0.05,0.1,0.5,4,0.0,True,True,False,0.0,True,True,226
0.1,5000,8,0.05,0.1,0.5,4,0.0,True,True,False,0.0,True,True,241
0.1,5000,9,0.05,0.1,0.5,4,0.0,True,True,False,0.0,True,True,240
0.1,5000,10,0.05,0.1,0.5,4,0.0,True,True,False,0.0,True,True,253
0.1,5000,11,0.05,0.1,0.5,4,0.0,True,True,False,0.0,True,True,223
0.1,5000,12,0.05,0.1,0.5,4,0.0,True,True,False,0.0,True,True,252
0.1,5000,13,0.05,0.1,0.5,4,0.0,True,True,False,0.0,True,True,252
0.1,5000,14,0.05,0.1,0.5,4,0.0,True,True,False,0.0,True,True,243
0.1,5000,15,0.05,0.1,0.5,4,0.0,True,True,False,0.0,True,True,262
0.1,5000,16,0.05,0.1,0.5,4,0.0,True,True,False,0.0,True,True,236
0.1,5000,17,0.05,0.1,0.5,4,0.0,True,True,False,0.0,True,True,259
0.1,5000,18,0.05,0.1,0.5,4,0.0,True,True,False,0.0,True,True,226
0.1,5000,19,0.05,0.1,0.5,4,0.0,True,True,False,0.0,True,True,215
0.1,5000,20,0.05,0.1,0.5,4,0.0,True,True,False,0.0,True,True,233
0.1,5000,21,0.05,0.1,0.5,4,0.0,True,True,False,0.0,True,True,257
0.1,5000,22,0.05,0.1,0.5,4,0.0,True,True,False,0.0,True,True,244
0.1,5000,23,0.05,0.1,0.5,4,0.0,True,True,False,0.0,True,True,225
0.1,5000,24,0.05,0.1,0.5,4,0.0,True,True,False,0.0,True,True,247
0.1,5000,25,0.05,0.1,0.5,4,0.0,True,True,False,0.0,True,True,257
0.1,5000,26,0.05,0.1,0.5,4,0.0,True,True,False,0.0,True,True,230
0.1,5000,27,0.05,0.1,0.5,4,0.0,True,True,False,0.0,True,True,242
0.1,5000,28,0.05,0.1,0.5,4,0.0,True,True,False,0.0,True,True,254
0.1,5000,29,0.05,0.1,0.5,4,0.0,True,True,False,0.0,True,True,231
0.1,5000,30,0.05,0.1,0.5,4,0.0,True,True,False,0.0,True,True,241
0.1,5000,31,0.05,0.1,0.5,4,0.0,True,True,False,0.0,True,True,243
0.1,5000,32,0.05,0.1,0.5,4,0.0,True,True,False,0.0,True,True,235
0.1,5000,33,0.05,0.1,0.5,4,0.0,True,True,False,0.0,True,True,243
0.1,5000,34,0.05,0.1,0.5,4,0.0,True,True,False,0.0,True,True,247
0.1,5000,35,0.05,0.1,0.5,4,0.0,True,True,False,0.0,True,True,240
0.1,5000,36,0.05,0.1,0.5,4,0.0,True,True,False,0.0,True,True,231
0.1,5000,37,0.05,0.1,0.5,4,0.0,True,True,False,0.0,True,True,253
0.1,5000,38,0.05,0.1,0.5,4,0.0,True,True,False,0.0,True,True,253
0.1,5000,39,0.05,0.1,0.5,4,0.0,True,True,False,0.0,True,True,232
0.1,5000,40,0.05,0.1,0.5,4,0.0,True,True,False,0.0,True,True,236
0.1,5000,41,0.05,0.1,0.5,4,0.0,True,True,False,0.0,True,True,261
0.1,5000,42,0.05,0.1,0.5,4,0.0,True,True,False,0.0,True,True,250
0.1,5000,43,0.05,0.1,0.5,4,0.0,True,True,False,0.0,True,True,247
0.1,5000,44,0.05,0.1,0.5,4,0.0,True,True,False,0.0,True,True,250
0.1,5000,45,0.05,0.1,0.5,4,0.0,True,True,False,0.0,True,True,233
0.1,5000,46,0.05,0.1,0.5,4,0.0,True,True,False,0.0,True,True,266
0.1,5000,47,0.05,0.1,0.5,4,0.0,True,True,False,0.0,True,True,216
0.1,5000,48,0.05,0.1,0.5,4,0.0,True,True,False,0.0,True,True,218
0.1,5000,49,0.05,0.1,0.5,4,0.0,True,True,False,0.0,True,True,253
0.1,10000,0,0.05,0.1,0.5,4,0.0,True,True,False,0.0,True,True,489
0.1,10000,1,0.05,0.1,0.5,4,0.0,True,True,False,0.0,True,True,499
0.1,10000,2,0.05,0.1,0.5,4,0.0,True,True,False,0.0,True,True,495
0.1,10000,3,0.05,0.1,0.5,4,0.0,True,True,False,0.0,True,True,476
0.1,10000,4,0.05,0.1,0.5,4,0.0,True,True,False,0.0,True,True,493
0.1,10000,5,0.05,0.1,0.5,4,0.0,True,True,False,0.0,True,True,485
0.1,10000,6,0.05,0.1,0.5,4,0.0,True,True,False,0.0,True,True,467
0.1,10000,7,0.05,0.1,0.5,4,0.0,True,True,False,0.0,True,True,494
0.1,10000,8,0.05,0.1,0.5,4,0.0,True,True,False,0.0,True,True,483
0.1,10000,9,0.05,0.1,0.5,4,0.0,True,True,False,0.0,True,True,502
0.1,10000,10,0.05,0.1,0.5,4,0.0,True,True,False,0.0,True,True,471
0.1,10000,11,0.05,0.1,0.5,4,0.0,True,True,False,0.0,True,True,483
0.1,10000,12,0.05,0.1,0.5,4,0.0,True,True,False,0.0,True,True,480
0.1,10000,13,0.05,0.1,0.5,4,0.0,True,True,False,0.0,True,True,475
0.1,10000,14,0.05,0.1,0.5,4,0.0,True,True,False,0.0,True,True,489
0.1,10000,15,0.05,0.1,0.5,4,0.0,True,True,False,0.0,True,True,505
0.1,10000,16,0.05,0.1,0.5,4,0.0,True,True,False,0.0,True,True,474
0.1,10000,17,0.05,0.1,0.5,4,0.0,True,True,False,0.0,True,True,483
0.1,10000,18,0.05,0.1,0.5,4,0.0,True,True,False,0.0,True,True,512
0.1,10000,19,0.05,0.1,0.5,4,0.0,True,True,False,0.0,True,True,484
0.1,10000,20,0.05,0.1,0.5,4,0.0,True,True,False,0.0,True,True,474
0.1,10000,21,0.05,0.1,0.5,4,0.0,True,True,False,0.0,True,True,495
0.1,10000,22,0.05,0.1,0.5,4,0.0,True,True,False,0.0,True,True,475
0.1,10000,23,0.05,0.1,0.5,4,0.0,True,True,False,0.0,True,True,466
0.1,10000,24,0.05,0.1,0.5,4,0.0,True,True,False,0.0,True,True,499
0.1,10000,25,0.05,0.1,0.5,4,0.0,True,True,False,0.0,True,True,516
0.1,10000,26,0.05,0.1,0.5,4,0.0,True,True,False,0.0,True,True,523
0.1,10000,27,0.05,0.1,0.5,4,0.0,True,True,False,0.0,True,True,537
0.1,10000,28,0.05,0.1,0.5,4,0.0,True,True,False,0.0,True,True,477
0.1,10000,29,0.05,0.1,0.5,4,0.0,True,True,False,0.0,True,True,458
0.1,10000,30,0.05,0.1,0.5,4,0.0,True,True,False,0.0,True,True,459
0.1,10000,31,0.05,0.1,0.5,4,0.0,True,True,False,0.0,True,True,475
0.1,10000,32,0.05,0.1,0.5,4,0.0,True,True,False,0.0,True,True,507
0.1,10000,33,0.05,0.1,0.5,4,0.0,True,True,False,0.0,True,True,449
0.1,10000,34,0.05,0.1,0.5,4,0.0,True,True,False,0.0,True,True,445
0.1,10000,35,0.05,0.1,0.5,4,0.0,True,True,False,0.0,True,True,477
0.1,10000,36,0.05,0.1,0.5,4,0.0,True,True,False,0.0,True,True,491
0.1,10000,37,0.05,0.1,0.5,4,0.0,True,True,False,0.0,True,True,471
0.1,10000,38,0.05,0.1,0.5,4,0.0,True,True,False,0.0,True,True,521
0.1,10000,39,0.05,0.1,0.5,4,0.0,True,True,False,0.0,True,True,495
0.1,10000,40,0.05,0.1,0.5,4,0.0,True,True,False,0.0,True,True,475
0.1,10000,41,0.05,0.1,0.5,4,0.0,True,True,False,0.0,True,True,495
0.1,10000,42,0.05,0.1,0.5,4,0.0,True,True,False,0.0,True,True,498
0.1,10000,43,0.05,0.1,0.5,4,0.0,True,True,False,0.0,True,True,445
0.1,10000,44,0.05,0.1,0.5,4,0.0,True,True,False,0.0,True,True,502
0.1,10000,45,0.05,0.1,0.5,4,0.0,True,True,False,0.0,True,True,480
0.1,10000,46,0.05,0.1,0.5,4,0.0,True,True,False,0.0,True,True,472
0.1,10000,47,0.05,0.1,0.5,4,0.0,True,True,False,0.0,True,True,485
0.1,10000,48,0.05,0.1,0.5,4,0.0,True,True,False,0.0,True,True,495
0.1,10000,49,0.05,0.1,0.5,4,0.0,True,True,False,0.0,True,True,490
0.05,50,0,0.05,0.1,0.5,4,1.0,False,False,False,0.0,True,True,0
0.05,50,1,0.05,0.1,0.5,4,1.0,False,False,False,0.0,True,True,0
0.05,50,2,0.05,0.1,0.5,4,1.0,False,False,False,0.0,True,True,0
0.05,50,3,0.05,0.1,0.5,4,1.0,False,False,False,0.0,True,True,2
0.05,50,4,0.05,0.1,0.5,4,1.0,False,False,False,0.0,True,True,1
0.05,50,5,0.05,0.1,0.5,4,0.9140987178409621,False,False,False,0.0,True,True,1
0.05,50,6,0.05,0.1,0.5,4,1.0,False,False,False,0.0,True,True,1
0.05,50,7,0.05,0.1,0.5,4,1.0,False,False,False,0.0,True,True,0
0.05,50,8,0.05,0.1,0.5,4,1.0,False,False,False,0.0,True,True,1
0.05,50,9,0.05,0.1,0.5,4,1.0,False,False,False,0.0,True,True,1
0.05,50,10,0.05,0.1,0.5,4,1.0,False,False,False,0.0,True,True,1
0.05,50,11,0.05,0.1,0.5,4,1.0,False,False,False,0.0,True,True,0
0.05,50,12,0.05,0.1,0.5,4,1.0,False,False,False,0.0,True,True,1
0.05,50,13,0.05,0.1,0.5,4,1.0,False,False,False,0.0,True,True,1
0.05,50,14,0.05,0.1,0.5,4,1.0,False,False,False,0.0,True,True,1
0.05,50,15,0.05,0.1,0.5,4,1.0,False,False,False,0.0,True,True,0
0.05,50,16,0.05,0.1,0.5,4,1.0,False,False,False,0.0,True,True,1
0.05,50,17,0.05,0.1,0.5,4,1.0,False,False,False,0.0,True,True,0
0.05,50,18,0.05,0.1,0.5,4,1.0,False,False,False,0.0,True,True,2
0.05,50,19,0.05,0.1,0.5,4,0.9140987178409621,False,False,False,0.0,True,True,1
0.05,50,20,0.05,0.1,0.5,4,1.0,False,False,False,0.0,True,True,1
0.05,50,21,0.05,0.1,0.5,4,1.0,False,False,False,0.0,True,True,1
0.05,50,22,0.05,0.1,0.5,4,1.0,False,False,False,0.0,True,True,1
0.05,50,23,0.05,0.1,0.5,4,1.0,False,False,False,0.0,True,True,1
0.05,50,24,0.05,0.1,0.5,4,1.0,False,False,False,0.0,True,True,1
0.05,50,25,0.05,0.1,0.5,4,1.0,False,False,False,0.0,True,True,1
0.05,50,26,0.05,0.1,0.5,4,1.0,False,False,False,0.0,True,True,0
0.05,50,27,0.05,0.1,0.5,4,1.0,False,False,False,0.0,True,True,0
0.05,50,28,0.05,0.1,0.5,4,1.0,False,False,False,0.0,True,True,1
0.05,50,29,0.05,0.1,0.5,4,1.0,False,False,False,0.0,True,True,0
0.05,50,30,0.05,0.1,0.5,4,1.0,False,False,False,0.0,True,True,0
0.05,50,31,0.05,0.1,0.5,4,1.0,False,False,False,0.0,True,True,0
0.05,50,32,0.05,0.1,0.5,4,0.7463584777475637,False,False,False,0.0,True,True,0
0.05,50,33,0.05,0.1,0.5,4,1.0,False,False,False,0.0,True,True,0
0.05,50,34,0.05,0.1,0.5,4,1.0,False,False,False,0.0,True,True,1
0.05,50,35,0.05,0.1,0.5,4,1.0,False,False,False,0.0,True,True,0
0.05,50,36,0.05,0.1,0.5,4,1.0,False,False,False,0.0,True,True,0
0.05,50,37,0.05,0.1,0.5,4,1.0,False,False,False,0.0,True,True,1
0.05,50,38,0.05,0.1,0.5,4,1.0,False,False,False,0.0,True,True,1
0.05,50,39,0.05,0.1,0.5,4,1.0,False,False,False,0.0,True,True,1
0.05,50,40,0.05,0.1,0.5,4,1.0,False,False,False,0.0,True,True,1
0.05,50,41,0.05,0.1,0.5,4,1.0,False,False,False,0.0,True,True,0
0.05,50,42,0.05,0.1,0.5,4,0.9140987178409621,False,False,False,0.0,True,True,0
0.05,50,43,0.05,0.1,0.5,4,1.0,False,False,False,0.0,True,True,0
0.05,50,44,0.05,0.1,0.5,4,1.0,False,False,False,0.0,True,True,0
0.05,50,45,0.05,0.1,0.5,4,1.0,False,False,False,0.0,True,True,1
0.05,50,46,0.05,0.1,0.5,4,1.0,False,False,False,0.0,True,True,0
0.05,50,47,0.05,0.1,0.5,4,1.0,False,False,False,0.0,True,True,0
0.05,50,48,0.05,0.1,0.5,4,1.0,False,False,False,0.0,True,True,0
0.05,50,49,0.05,0.1,0.5,4,1.0,False,False,False,0.0,True,True,0
0.05,100,0,0.05,0.1,0.5,4,0.9140987178409621,False,False,False,0.5,True,True,2
0.05,100,1,0.05,0.1,0.5,4,1.0,False,False,False,0.0,True,True,2
0.05,100,2,0.05,0.1,0.5,4,1.0,False,False,False,0.0,True,True,1
0.05,100,3,0.05,0.1,0.5,4,1.0,False,False,False,0.0,True,True,1
0.05,100,4,0.05,0.1,0.5,4,1.0,False,False,False,0.0,True,True,2
0.05,100,5,0.05,0.1,0.5,4,1.0,False,False,False,0.0,True,True,3
0.05,100,6,0.05,0.1,0.5,4,0.8175947484951165,False,False,False,0.0,True,True,3
0.05,100,7,0.05,0.1,0.5,4,1.0,False,False,False,0.0,True,True,0
0.05,100,8,0.05,0.1,0.5,4,1.0,False,False,False,0.0,True,True,1
0.05,100,9,0.05,0.1,0.5,4,0.8175947484951165,False,False,False,0.0,True,True,4
0.05,100,10,0.05,0.1,0.5,4,1.0,False,False,False,0.0,True,True,0
0.05,100,11,0.05,0.1,0.5,4,1.0,False,False,False,0.0,True,True,2
0.05,100,12,0.05,0.1,0.5,4,1.0,False,False,False,0.0,True,True,2
0.05,100,13,0.05,0.1,0.5,4,1.0,False,False,False,0.0,True,True,1
0.05,100,14,0.05,0.1,0.5,4,1.0,False,False,False,0.0,True,True,2
0.05,100,15,0.05,0.1,0.5,4,1.0,False,False,False,0.0,True,True,3
0.05,100,16,0.05,0.1,0.5,4,1.0,False,False,False,0.0,True,True,2
0.05,100,17,0.05,0.1,0.5,4,1.0,False,False,False,0.0,True,True,2
0.05,100,18,0.05,0.1,0.5,4,1.0,False,False,False,0.0,True,True,2
0.05,100,19,0.05,0.1,0.5,4,1.0,False,False,False,0.0,True,True,1
0.05,100,20,0.05,0.1,0.5,4,1.0,False,False,False,0.0,True,True,2
0.05,100,21,0.05,0.1,0.5,4,1.0,False,False,False,0.0,True,True,2
0.05,100,22,0.05,0.1,0.5,4,1.0,False,False,False,0.0,True,True,3
0.05,100,23,0.05,0.1,0.5,4,0.7463584777475637,False,False,False,0.5,True,True,1
0.05,100,24,0.05,0.1,0.5,4,0.9140987178409621,False,False,False,0.0,True,True,3
0.05,100,25,0.05,0.1,0.5,4,1.0,False,False,False,0.0,True,True,1
0.05,100,26,0.05,0.1,0.5,4,1.0,False,False,False,0.0,True,True,2
0.05,100,27,0.05,0.1,0.5,4,1.0,False,False,False,0.0,True,True,3
0.05,100,28,0.05,0.1,0.5,4,1.0,False,False,False,0.0,True,True,3
0.05,100,29,0.05,0.1,0.5,4,1.0,False,False,False,0.0,True,True,0
0.05,100,30,0.05,0.1,0.5,4,1.0,False,False,False,0.0,True,True,2
0.05,100,31,0.05,0.1,0.5,4,1.0,False,False,False,0.0,True,True,2
0.05,100,32,0.05,0.1,0.5,4,1.0,False,False,False,0.0,True,True,3
0.05,100,33,0.05,0.1,0.5,4,1.0,False,False,False,0.0,True,True,1
0.05,100,34,0.05,0.1,0.5,4,1.0,False,False,False,0.0,True,True,3
0.05,100,35,0.05,0.1,0.5,4,1.0,False,False,False,0.0,True,True,2
0.05,100,36,0.05,0.1,0.5,4,1.0,False,False,False,0.0,True,True,3
0.05,100,37,0.05,0.1,0.5,4,0.690993680334339,False,False,False,0.0,True,True,4
0.05,100,38,0.05,0.1,0.5,4,1.0,False,False,False,0.0,True,True,0
0.05,100,39,0.05,0.1,0.5,4,1.0,False,False,False,0.0,True,True,1
0.05,100,40,0.05,0.1,0.5,4,1.0,False,False,False,0.0,True,True,0
0.05,100,41,0.05,0.1,0.5,4,0.9140987178409621,False,False,False,0.0,True,True,3
0.05,100,42,0.05,0.1,0.5,4,1.0,False,False,False,0.0,True,True,2
0.05,100,43,0.05,0.1,0.5,4,1.0,False,False,False,0.0,True,True,1
0.05,100,44,0.05,0.1,0.5,4,0.9140987178409621,False,False,False,0.0,True,True,1
0.05,100,45,0.05,0.1,0.5,4,1.0,False,False,False,0.0,True,True,0
0.05,100,46,0.05,0.1,0.5,4,1.0,False,False,False,0.0,True,True,1
0.05,100,47,0.05,0.1,0.5,4,0.9140987178409621,False,False,False,0.0,True,True,1
0.05,100,48,0.05,0.1,0.5,4,0.9140987178409621,False,False,False,0.0,True,True,1
0.05,100,49,0.05,0.1,0.5,4,1.0,False,False,False,0.0,True,True,0
0.05,200,0,0.05,0.1,0.5,4,0.6463654020592728,False,False,False,0.0,True,True,2
0.05,200,1,0.05,0.1,0.5,4,0.6463654020592728,False,False,False,0.0,True,True,5
0.05,200,2,0.05,0.1,0.5,4,1.0,False,False,False,0.0,True,True,2
0.05,200,3,0.05,0.1,0.5,4,1.0,False,False,False,0.0,True,True,1
0.05,200,4,0.05,0.1,0.5,4,0.7463584777475637,False,False,False,0.0,True,True,4
0.05,200,5,0.05,0.1,0.5,4,0.6093991452273081,False,False,False,0.0,True,True,5
0.05,200,6,0.05,0.1,0.5,4,0.690993680334339,False,False,False,0.0,True,True,7
0.05,200,7,0.05,0.1,0.5,4,0.8175947484951165,False,False,False,0.0,True,True,5
0.05,200,8,0.05,0.1,0.5,4,0.7463584777475637,False,False,False,0.0,True,True,3
0.05,200,9,0.05,0.1,0.5,4,0.7463584777475637,False,False,False,0.0,True,True,4
0.05,200,10,0.05,0.1,0.5,4,0.8568311964016035,False,False,False,0.0,True,True,4
0.05,200,11,0.05,0.1,0.5,4,0.9140987178409621,False,False,False,0.5,True,True,3
0.05,200,12,0.05,0.1,0.5,4,1.0,False,False,False,0.0,True,True,3
0.05,200,13,0.05,0.1,0.5,4,1.0,False,False,False,0.0,True,True,2
0.05,200,14,0.05,0.1,0.5,4,0.7463584777475637,False,False,False,0.0,True,True,1
0.05,200,15,0.05,0.1,0.5,4,1.0,False,False,False,0.0,True,True,3
0.05,200,16,0.05,0.1,0.5,4,1.0,False,False,False,0.0,True,True,3
0.05,200,17,0.05,0.1,0.5,4,1.0,False,False,False,0.0,True,True,2
0.05,200,18,0.05,0.1,0.5,4,0.6093991452273081,False,False,False,0.0,True,True,7
0.05,200,19,0.05,0.1,0.5,4,1.0,False,False,False,0.0,True,True,2
0.05,200,20,0.05,0.1,0.5,4,1.0,False,False,False,0.0,True,True,2
0.05,200,21,0.05,0.1,0.5,4,0.6050923981753011,False,False,False,0.0,True,True,4
0.05,200,22,0.05,0.1,0.5,4,0.690993680334339,False,False,False,0.0,True,True,6
0.05,200,23,0.05,0.1,0.5,4,0.6463654020592728,False,False,False,0.0,True,True,4
0.05,200,24,0.05,0.1,0.5,4,1.0,False,False,False,0.0,True,True,3
0.05,200,25,0.05,0.1,0.5,4,1.0,False,False,False,0.0,True,True,3
0.05,200,26,0.05,0.1,0.5,4,0.7463584777475637,False,False,False,0.0,True,True,1
0.05,200,27,0.05,0.1,0.5,4,1.0,False,False,False,0.0,True,True,1
0.05,200,28,0.05,0.1,0.5,4,1.0,False,False,False,0.0,True,True,3
0.05,200,29,0.05,0.1,0.5,4,0.6957215394185232,False,False,False,0.0,True,True,5
0.05,200,30,0.05,0.1,0.5,4,0.9140987178409621,False,False,False,0.5,True,True,2
0.05,200,31,0.05,0.1,0.5,4,0.9140987178409621,False,False,False,0.0,True,True,4
0.05,200,32,0.05,0.1,0.5,4,0.9130251444142303,False,False,False,0.0,True,True,1
0.05,200,33,0.05,0.1,0.5,4,0.8175947484951165,False,False,False,0.0,True,True,3
0.05,200,34,0.05,0.1,0.5,4,0.7463584777475637,False,False,False,0.0,True,True,6
0.05,200,35,0.05,0.1,0.5,4,0.6463654020592728,False,False,False,0.0,True,True,6
0.05,200,36,0.05,0.1,0.5,4,1.0,False,False,False,0.0,True,True,2
0.05,200,37,0.05,0.1,0.5,4,1.0,False,False,False,0.0,True,True,3
0.05,200,38,0.05,0.1,0.5,4,0.7463584777475637,False,False,False,0.0,True,True,3
0.05,200,39,0.05,0.1,0.5,4,0.8175947484951165,False,False,False,0.0,True,True,2
0.05,200,40,0.05,0.1,0.5,4,1.0,False,False,False,0.0,True,True,3
0.05,200,41,0.05,0.1,0.5,4,0.8175947484951165,False,False,False,0.0,True,True,4
0.05,200,42,0.05,0.1,0.5,4,0.8175947484951165,False,False,False,0.0,True,True,5
0.05,200,43,0.05,0.1,0.5,4,0.690993680334339,False,False,False,0.0,True,True,7
0.05,200,44,0.05,0.1,0.5,4,0.690993680334339,False,False,False,0.0,True,True,5
0.05,200,45,0.05,0.1,0.5,4,0.9140987178409621,False,False,False,0.0,True,True,4
0.05,200,46,0.05,0.1,0.5,4,0.690993680334339,False,False,False,0.0,True,True,3
0.05,200,47,0.05,0.1,0.5,4,0.8175947484951165,False,False,False,0.0,True,True,4
0.05,200,48,0.05,0.1,0.5,4,0.8175947484951165,False,False,False,0.0,True,True,5
0.05,200,49,0.05,0.1,0.5,4,0.7463584777475637,False,False,False,0.0,True,True,5
0.05,500,0,0.05,0.1,0.5,4,0.4886063171214607,False,False,False,0.0,True,True,7
0.05,500,1,0.05,0.1,0.5,4,0.4309102680395152,False,False,False,0.0,True,True,16
0.05,500,2,0.05,0.1,0.5,4,0.5781267909234067,False,False,False,0.0,True,True,10
0.05,500,3,0.05,0.1,0.5,4,0.41646035560971767,False,False,False,0.0,True,True,12
0.05,500,4,0.05,0.1,0.5,4,0.7463584777475637,False,False,False,0.0,True,True,6
0.05,500,5,0.05,0.1,0.5,4,0.5512222669860765,False,False,False,0.0,True,True,11
0.05,500,6,0.05,0.1,0.5,4,0.23921641329565185,False,False,False,0.0,True,True,18
0.05,500,7,0.05,0.1,0.5,4,0.5277551408113712,False,False,False,0.0,True,True,12
0.05,500,8,0.05,0.1,0.5,4,0.1569379111790079,False,False,False,0.0,True,True,17
0.05,500,9,0.05,0.1,0.5,4,0.4886063171214607,False,False,False,0.0,True,True,6
0.05,500,10,0.05,0.1,0.5,4,0.5277551408113712,False,False,False,0.0,True,True,8
0.05,500,11,0.05,0.1,0.5,4,0.5781267909234067,False,False,False,0.0,True,True,7
0.05,500,12,0.05,0.1,0.5,4,0.42422848384850126,False,False,False,0.0,True,True,13
0.05,500,13,0.05,0.1,0.5,4,0.4194172563672478,False,False,False,0.0,True,True,7
0.05,500,14,0.05,0.1,0.5,4,0.33100027786896113,False,False,False,0.0,True,True,11
0.05,500,15,0.05,0.1,0.5,4,0.3888436149560758,False,False,False,0.0,True,True,12
0.05,500,16,0.05,0.1,0.5,4,0.36563948713638483,False,False,False,0.0,True,True,16
0.05,500,17,0.05,0.1,0.5,4,0.6463654020592728,False,False,False,0.0,True,True,8
0.05,500,18,0.05,0.1,0.5,4,0.5277551408113712,False,False,False,0.0,True,True,9
0.05,500,19,0.05,0.1,0.5,4,0.5293490579094832,False,False,False,0.0,True,True,10
0.05,500,20,0.05,0.1,0.5,4,0.47048761937201267,False,False,False,0.0,True,True,9
0.05,500,21,0.05,0.1,0.5,4,0.1937378592029942,False,False,False,0.0,True,True,14
0.05,500,22,0.05,0.1,0.5,4,0.47203854813167984,False,False,False,0.0,True,True,11
0.05,500,23,0.05,0.1,0.5,4,0.507050738155612,False,False,False,0.0,True,True,6
0.05,500,24,0.05,0.1,0.5,4,0.6463654020592728,False,False,False,0.0,True,True,8
0.05,500,25,0.05,0.1,0.5,4,0.6463654020592728,False,False,False,0.0,True,True,8
0.05,500,26,0.05,0.1,0.5,4,0.47203854813167984,False,False,False,0.0,True,True,11
0.05,500,27,0.05,0.1,0.5,4,0.46840001267896575,False,False,False,0.0,True,True,11
0.05,500,28,0.05,0.1,0.5,4,0.3471744116715169,False,False,False,0.0,True,True,15
0.05,500,29,0.05,0.1,0.5,4,0.495304536616296,False,False,False,0.0,True,True,10
0.05,500,30,0.05,0.1,0.5,4,0.5562535818468134,False,False,False,0.0,True,True,10
0.05,500,31,0.05,0.1,0.5,4,0.4712282578169703,False,False,False,0.0,True,True,10
0.05,500,32,0.05,0.1,0.5,4,0.5781267909234067,False,False,False,0.0,True,True,10
0.05,500,33,0.05,0.1,0.5,4,0.4886063171214607,False,False,False,0.0,True,True,7
0.05,500,34,0.05,0.1,0.5,4,0.47217694828940904,False,False,False,0.0,True,True,12
0.05,500,35,0.05,0.1,0.5,4,0.6463654020592728,False,False,False,0.0,True,True,8
0.05,500,36,0.05,0.1,0.5,4,0.6093991452273081,False,False,False,0.0,True,True,9
0.05,500,37,0.05,0.1,0.5,4,0.5277551408113712,False,False,False,0.0,True,True,11
0.05,500,38,0.05,0.1,0.5,4,0.5667331080448674,False,False,False,0.0,True,True,10
0.05,500,39,0.05,0.1,0.5,4,0.2673525474662858,False,False,False,0.0,True,True,11
0.05,500,40,0.05,0.1,0.5,4,0.45704935892048104,False,False,False,0.0,True,True,13
0.05,500,41,0.05,0.1,0.5,4,0.4886063171214607,False,False,False,0.0,True,True,6
0.05,500,42,0.05,0.1,0.5,4,0.4434030077529366,False,False,False,0.0,True,True,6
0.05,500,43,0.05,0.1,0.5,4,0.3532191817255961,False,False,False,0.0,True,True,12
0.05,500,44,0.05,0.1,0.5,4,0.44351518251555183,False,False,False,0.0,True,True,16
0.05,500,45,0.05,0.1,0.5,4,0.24979368894305104,False,False,False,0.0,True,True,12
0.05,500,46,0.05,0.1,0.5,4,0.507050738155612,False,False,False,0.0,True,True,13
0.05,500,47,0.05,0.1,0.5,4,0.2939781985864739,False,False,False,0.0,True,True,14
0.05,500,48,0.05,0.1,0.5,4,0.37837932004833696,False,False,False,0.0,True,True,14
0.05,500,49,0.05,0.1,0.5,4,0.5277551408113712,False,False,False,0.0,True,True,11
0.05,1000,0,0.05,0.1,0.5,4,0.1724346117913214,False,False,False,0.0,True,True,17
0.05,1000,1,0.05,0.1,0.5,4,0.375339621173022,False,False,False,0.0,True,True,18
0.05,1000,2,0.05,0.1,0.5,4,0.2584117739964414,False,False,False,0.0,True,True,21
0.05,1000,3,0.05,0.1,0.5,4,0.3394877410733739,False,False,False,0.0,True,True,19
0.05,1000,4,0.05,0.1,0.5,4,0.21271808928897828,False,False,False,0.0,True,True,23
0.05,1000,5,0.05,0.1,0.5,4,0.16174222042980496,False,False,False,0.0,True,True,16
0.05,1000,6,0.05,0.1,0.5,4,0.13795224180065813,False,False,False,0.0,True,True,22
0.05,1000,7,0.05,0.1,0.5,4,0.15371538198981305,False,False,False,0.0,True,True,23
0.05,1000,8,0.05,0.1,0.5,4,0.15340309027872429,False,False,False,0.0,True,True,25
0.05,1000,9,0.05,0.1,0.5,4,0.1923206737208411,False,False,False,0.0,True,True,26
0.05,1000,10,0.05,0.1,0.5,4,0.3400054055260216,False,False,False,0.0,True,True,26
0.05,1000,11,0.05,0.1,0.5,4,0.333790408294902,False,False,False,0.0,True,True,16
0.05,1000,12,0.05,0.1,0.5,4,0.2212855751339915,False,False,False,0.0,True,True,22
0.05,1000,13,0.05,0.1,0.5,4,0.09396746812180579,True,True,False,0.0,True,True,20
0.05,1000,14,0.05,0.1,0.5,4,0.2586447933081911,False,False,False,0.0,True,True,26
0.05,1000,15,0.05,0.1,0.5,4,0.2076442201302997,False,False,False,0.0,True,True,23
0.05,1000,16,0.05,0.1,0.5,4,0.21271808928897828,False,False,False,0.0,True,True,23
0.05,1000,17,0.05,0.1,0.5,4,0.3585390153554778,False,False,False,0.0,True,True,20
0.05,1000,18,0.05,0.1,0.5,4,0.17282662293048773,False,False,False,0.0,True,True,19
0.05,1000,19,0.05,0.1,0.5,4,0.22309124494927196,False,False,False,0.0,True,True,22
0.05,1000,20,0.05,0.1,0.5,4,0.21881872601016666,False,False,False,0.0,True,True,24
0.05,1000,21,0.05,0.1,0.5,4,0.1119483819187177,False,False,False,0.0,True,True,22
0.05,1000,22,0.05,0.1,0.5,4,0.20199792326903915,False,False,False,0.0,True,True,22
0.05,1000,23,0.05,0.1,0.5,4,0.3344920118726563,False,False,False,0.0,True,True,20
0.05,1000,24,0.05,0.1,0.5,4,0.26666951090703417,False,False,False,0.0,True,True,26
0.05,1000,25,0.05,0.1,0.5,4,0.22224188503775028,False,False,False,0.0,True,True,26
0.05,1000,26,0.05,0.1,0.5,4,0.1719142374348535,False,False,False,0.0,True,True,26
0.05,1000,27,0.05,0.1,0.5,4,0.2902942305724785,False,False,False,0.0,True,True,24
0.05,1000,28,0.05,0.1,0.5,4,0.3989453873493609,False,False,False,0.0,True,True,16
0.05,1000,29,0.05,0.1,0.5,4,0.38120551708186307,False,False,False,0.0,True,True,16
0.05,1000,30,0.05,0.1,0.5,4,0.25333056390583963,False,False,False,0.0,True,True,16
0.05,1000,31,0.05,0.1,0.5,4,0.14434207837774266,False,False,False,0.0,True,True,23
0.05,1000,32,0.05,0.1,0.5,4,0.14015495378787868,False,False,False,0.0,True,True,26
0.05,1000,33,0.05,0.1,0.5,4,0.13345269897331508,False,False,False,0.0,True,True,26
0.05,1000,34,0.05,0.1,0.5,4,0.39634747842001294,False,False,False,0.0,True,True,15
0.05,1000,35,0.05,0.1,0.5,4,0.28099364991025405,False,False,False,0.0,True,True,28
0.05,1000,36,0.05,0.1,0.5,4,0.39599863321793044,False,False,False,0.0,True,True,14
0.05,1000,37,0.05,0.1,0.5,4,0.1923206737208411,False,False,False,0.0,True,True,26
0.05,1000,38,0.05,0.1,0.5,4,0.16167219462262306,False,False,False,0.0,True,True,27
0.05,1000,39,0.05,0.1,0.5,4,0.20285747282780864,False,False,False,0.0,True,True,22
0.05,1000,40,0.05,0.1,0.5,4,0.34029423057247854,False,False,False,0.0,True,True,24
0.05,1000,41,0.05,0.1,0.5,4,0.3221520593435,False,False,False,0.0,True,True,24
0.05,1000,42,0.05,0.1,0.5,4,0.4309102680395152,False,False,False,0.0,True,True,15
0.05,1000,43,0.05,0.1,0.5,4,0.23197661312134005,False,False,False,0.0,True,True,20
0.05,1000,44,0.05,0.1,0.5,4,0.3585390153554778,False,False,False,0.0,True,True,15
0.05,1000,45,0.05,0.1,0.5,4,0.2805715549702516,False,False,False,0.0,True,True,24
0.05,1000,46,0.05,0.1,0.5,4,0.29942114550174814,False,False,False,0.0,True,True,25
0.05,1000,47,0.05,0.1,0.5,4,0.09877768468881937,True,True,False,0.0,True,True,28
0.05,1000,48,0.05,0.1,0.5,4,0.25318556220582045,False,False,False,0.0,True,True,17
0.05,1000,49,0.05,0.1,0.5,4,0.15347779613521162,False,False,False,0.0,True,True,19
0.05,2000,0,0.05,0.1,0.5,4,0.0,True,True,False,0.0,True,True,54
0.05,2000,1,0.05,0.1,0.5,4,0.0,True,True,False,0.0,True,True,56
0.05,2000,2,0.05,0.1,0.5,4,0.032977169758698244,True,True,False,0.0,True,True,40
0.05,2000,3,0.05,0.1,0.5,4,0.0263191478509876,True,True,False,0.0,True,True,33
0.05,2000,4,0.05,0.1,0.5,4,0.07573558319925944,True,True,False,0.0,True,True,48
0.05,2000,5,0.05,0.1,0.5,4,0.1369740270957311,False,False,False,0.0,True,True,43
0.05,2000,6,0.05,0.1,0.5,4,0.029785665096856012,True,True,False,0.0,True,True,51
0.05,2000,7,0.05,0.1,0.5,4,0.0,True,True,False,0.0,True,True,49
0.05,2000,8,0.05,0.1,0.5,4,0.0,True,True,False,0.0,True,True,42
0.05,2000,9,0.05,0.1,0.5,4,0.017402939483491586,True,True,False,0.0,True,True,48
0.05,2000,10,0.05,0.1,0.5,4,0.02701261616379816,True,True,False,0.0,True,True,50
0.05,2000,11,0.05,0.1,0.5,4,0.0,True,True,False,0.0,True,True,54
0.05,2000,12,0.05,0.1,0.5,4,0.07606904080922583,True,True,False,0.0,True,True,48
0.05,2000,13,0.05,0.1,0.5,4,0.011633445656005048,True,True,False,0.0,True,True,42
0.05,2000,14,0.05,0.1,0.5,4,0.0,True,True,False,0.0,True,True,54
0.05,2000,15,0.05,0.1,0.5,4,0.19318547175743989,False,False,False,0.0,True,True,37
0.05,2000,16,0.05,0.1,0.5,4,0.0,True,True,False,0.0,True,True,47
0.05,2000,17,0.05,0.1,0.5,4,0.0,True,True,False,0.0,True,True,54
0.05,2000,18,0.05,0.1,0.5,4,0.0,True,True,False,0.0,True,True,41
0.05,2000,19,0.05,0.1,0.5,4,0.08223674118785862,True,True,False,0.0,True,True,44
0.05,2000,20,0.05,0.1,0.5,4,0.0,True,True,False,0.0,True,True,52
0.05,2000,21,0.05,0.1,0.5,4,0.0,True,True,False,0.0,True,True,51
0.05,2000,22,0.05,0.1,0.5,4,0.0,True,True,False,0.0,True,True,51
0.05,2000,23,0.05,0.1,0.5,4,0.06324278953615414,True,True,False,0.0,True,True,38
0.05,2000,24,0.05,0.1,0.5,4,0.03608138033445035,True,True,False,0.0,True,True,56
0.05,2000,25,0.05,0.1,0.5,4,0.0,True,True,False,0.0,True,True,46
0.05,2000,26,0.05,0.1,0.5,4,0.006921807478037834,True,True,False,0.0,True,True,48
0.05,2000,27,0.05,0.1,0.5,4,0.11904144814798359,False,False,False,0.0,True,True,33
0.05,2000,28,0.05,0.1,0.5,4,0.11384391445439848,False,False,False,0.0,True,True,39
0.05,2000,29,0.05,0.1,0.5,4,0.0,True,True,False,0.0,True,True,54
0.05,2000,30,0.05,0.1,0.5,4,0.03983626059941195,True,True,False,0.0,True,True,45
0.05,2000,31,0.05,0.1,0.5,4,0.0,True,True,False,0.0,True,True,44
0.05,2000,32,0.05,0.1,0.5,4,0.0,True,True,False,0.0,True,True,41
0.05,2000,33,0.05,0.1,0.5,4,0.1293492641325595,False,False,False,0.0,True,True,41
0.05,2000,34,0.05,0.1,0.5,4,0.11903401882877529,False,False,False,0.0,True,True,42
0.05,2000,35,0.05,0.1,0.5,4,0.0,True,True,False,0.0,True,True,52
0.05,2000,36,0.05,0.1,0.5,4,0.0,True,True,False,0.0,True,True,51
0.05,2000,37,0.05,0.1,0.5,4,0.0,True,True,False,0.0,True,True,51
0.05,2000,38,0.05,0.1,0.5,4,0.014219851342370804,True,True,False,0.0,True,True,45
0.05,2000,39,0.05,0.1,0.5,4,0.0,True,True,False,0.0,True,True,40
0.05,2000,40,0.05,0.1,0.5,4,0.0,True,True,False,0.0,True,True,46
0.05,2000,41,0.05,0.1,0.5,4,0.0,True,True,False,0.0,True,True,55
0.05,2000,42,0.05,0.1,0.5,4,0.12146085948716906,False,False,False,0.0,True,True,51
0.05,2000,43,0.05,0.1,0.5,4,0.052379008103519836,True,True,False,0.0,True,True,45
0.05,2000,44,0.05,0.1,0.5,4,0.03804514728514452,True,True,False,0.0,True,True,47
0.05,2000,45,0.05,0.1,0.5,4,0.0,True,True,False,0.0,True,True,48
0.05,2000,46,0.05,0.1,0.5,4,0.0,True,True,False,0.0,True,True,49
0.05,2000,47,0.05,0.1,0.5,4,0.01601211236546657,True,True,False,0.0,True,True,37
0.05,2000,48,0.05,0.1,0.5,4,0.0,True,True,False,0.0,True,True,37
0.05,2000,49,0.05,0.1,0.5,4,0.0,True,True,False,0.0,True,True,55
0.05,5000,0,0.05,0.1,0.5,4,0.0,True,True,False,0.0,True,True,109
0.05,5000,1,0.05,0.1,0.5,4,0.0,True,True,False,0.0,True,True,122
0.05,5000,2,0.05,0.1,0.5,4,0.0,True,True,False,0.0,True,True,126
0.05,5000,3,0.05,0.1,0.5,4,0.0,True,True,False,0.0,True,True,128
0.05,5000,4,0.05,0.1,0.5,4,0.0,True,True,False,0.0,True,True,111
0.05,5000,5,0.05,0.1,0.5,4,0.0,True,True,False,0.0,True,True,124
0.05,5000,6,0.05,0.1,0.5,4,0.0,True,True,False,0.0,True,True,125
0.05,5000,7,0.05,0.1,0.5,4,0.0,True,True,False,0.0,True,True,121
0.05,5000,8,0.05,0.1,0.5,4,0.0,True,True,False,0.0,True,True,130
0.05,5000,9,0.05,0.1,0.5,4,0.0,True,True,False,0.0,True,True,141
0.05,5000,10,0.05,0.1,0.5,4,0.0,True,True,False,0.0,True,True,113
0.05,5000,11,0.05,0.1,0.5,4,0.0,True,True,False,0.0,True,True,119
0.05,5000,12,0.05,0.1,0.5,4,0.0,True,True,False,0.0,True,True,123
0.05,5000,13,0.05,0.1,0.5,4,0.0,True,True,False,0.0,True,True,114
0.05,5000,14,0.05,0.1,0.5,4,0.0,True,True,False,0.0,True,True,115
0.05,5000,15,0.05,0.1,0.5,4,0.0,True,True,False,0.0,True,True,125
0.05,5000,16,0.05,0.1,0.5,4,0.0,True,True,False,0.0,True,True,123
0.05,5000,17,0.05,0.1,0.5,4,0.0,True,True,False,0.0,True,True,124
0.05,5000,18,0.05,0.1,0.5,4,0.0,True,True,False,0.0,True,True,117
0.05,5000,19,0.05,0.1,0.5,4,0.0,True,True,False,0.0,True,True,113
0.05,5000,20,0.05,0.1,0.5,4,0.0,True,True,False,0.0,True,True,123
0.05,5000,21,0.05,0.1,0.5,4,0.0,True,True,False,0.0,True,True,119
0.05,5000,22,0.05,0.1,0.5,4,0.0,True,True,False,0.0,True,True,125
0.05,5000,23,0.05,0.1,0.5,4,0.0,True,True,False,0.0,True,True,118
0.05,5000,24,0.05,0.1,0.5,4,0.0,True,True,False,0.0,True,True,120
0.05,5000,25,0.05,0.1,0.5,4,0.0,True,True,False,0.0,True,True,124
0.05,5000,26,0.05,0.1,0.5,4,0.0,True,True,False,0.0,True,True,116
0.05,5000,27,0.05,0.1,0.5,4,0.0,True,True,False,0.0,True,True,120
0.05,5000,28,0.05,0.1,0.5,4,0.0,True,True,False,0.0,True,True,113
0.05,5000,29,0.05,0.1,0.5,4,0.0,True,True,False,0.0,True,True,115
0.05,5000,30,0.05,0.1,0.5,4,0.0,True,True,False,0.0,True,True,130
0.05,5000,31,0.05,0.1,0.5,4,0.0,True,True,False,0.0,True,True,126
0.05,5000,32,0.05,0.1,0.5,4,0.0,True,True,False,0.0,True,True,121
0.05,5000,33,0.05,0.1,0.5,4,0.0,True,True,False,0.0,True,True,132
0.05,5000,34,0.05,0.1,0.5,4,0.0,True,True,False,0.0,True,True,122
0.05,5000,35,0.05,0.1,0.5,4,0.0,True,True,False,0.0,True,True,130
0.05,5000,36,0.05,0.1,0.5,4,0.0,True,True,False,0.0,True,True,117
0.05,5000,37,0.05,0.1,0.5,4,0.0,True,True,False,0.0,True,True,123
0.05,5000,38,0.05,0.1,0.5,4,0.0,True,True,False,0.0,True,True,101
0.05,5000,39,0.05,0.1,0.5,4,0.0,True,True,False,0.0,True,True,125
0.05,5000,40,0.05,0.1,0.5,4,0.0,True,True,False,0.0,True,True,116
0.05,5000,41,0.05,0.1,0.5,4,0.0,True,True,False,0.0,True,True,113
0.05,5000,42,0.05,0.1,0.5,4,0.0,True,True,False,0.0,True,True,125
0.05,5000,43,0.05,0.1,0.5,4,0.0,True,True,False,0.0,True,True,118
0.05,5000,44,0.05,0.1,0.5,4,0.0,True,True,False,0.0,True,True,117
0.05,5000,45,0.05,0.1,0.5,4,0.0,True,True,False,0.0,True,True,118
0.05,5000,46,0.05,0.1,0.5,4,0.0,True,True,False,0.0,True,True,111
0.05,5000,47,0.05,0.1,0.5,4,0.0,True,True,False,0.0,True,True,133
0.05,5000,48,0.05,0.1,0.5,4,0.0,True,True,False,0.0,True,True,123
0.05,5000,49,0.05,0.1,0.5,4,0.0,True,True,False,0.0,True,True,121
0.05,10000,0,0.05,0.1,0.5,4,0.0,True,True,False,0.0,True,True,234
0.05,10000,1,0.05,0.1,0.5,4,0.0,True,True,False,0.0,True,True,240
0.05,10000,2,0.05,0.1,0.5,4,0.0,True,True,False,0.0,True,True,241
0.05,10000,3,0.05,0.1,0.5,4,0.0,True,True,False,0.0,True,True,221
0.05,10000,4,0.05,0.1,0.5,4,0.0,True,True,False,0.0,True,True,227
0.05,10000,5,0.05,0.1,0.5,4,0.0,True,True,False,0.0,True,True,250
0.05,10000,6,0.05,0.1,0.5,4,0.0,True,True,False,0.0,True,True,258
0.05,10000,7,0.05,0.1,0.5,4,0.0,True,True,False,0.0,True,True,255
0.05,10000,8,0.05,0.1,0.5,4,0.0,True,True,False,0.0,True,True,243
0.05,10000,9,0.05,0.1,0.5,4,0.0,True,True,False,0.0,True,True,244
0.05,10000,10,0.05,0.1,0.5,4,0.0,True,True,False,0.0,True,True,217
0.05,10000,11,0.05,0.1,0.5,4,0.0,True,True,False,0.0,True,True,244
0.05,10000,12,0.05,0.1,0.5,4,0.0,True,True,False,0.0,True,True,246
0.05,10000,13,0.05,0.1,0.5,4,0.0,True,True,False,0.0,True,True,229
0.05,10000,14,0.05,0.1,0.5,4,0.0,True,True,False,0.0,True,True,244
0.05,10000,15,0.05,0.1,0.5,4,0.0,True,True,False,0.0,True,True,230
0.05,10000,16,0.05,0.1,0.5,4,0.0,True,True,False,0.0,True,True,248
0.05,10000,17,0.05,0.1,0.5,4,0.0,True,True,False,0.0,True,True,253
0.05,10000,18,0.05,0.1,0.5,4,0.0,True,True,False,0.0,True,True,228
0.05,10000,19,0.05,0.1,0.5,4,0.0,True,True,False,0.0,True,True,224
0.05,10000,20,0.05,0.1,0.5,4,0.0,True,True,False,0.0,True,True,234
0.05,10000,21,0.05,0.1,0.5,4,0.0,True,True,False,0.0,True,True,244
0.05,10000,22,0.05,0.1,0.5,4,0.0,True,True,False,0.0,True,True,246
0.05,10000,23,0.05,0.1,0.5,4,0.0,True,True,False,0.0,True,True,256
0.05,10000,24,0.05,0.1,0.5,4,0.0,True,True,False,0.0,True,True,271
0.05,10000,25,0.05,0.1,0.5,4,0.0,True,True,False,0.0,True,True,231
0.05,10000,26,0.05,0.1,0.5,4,0.0,True,True,False,0.0,True,True,251
0.05,10000,27,0.05,0.1,0.5,4,0.0,True,True,False,0.0,True,True,222
0.05,10000,28,0.05,0.1,0.5,4,0.0,True,True,False,0.0,True,True,238
0.05,10000,29,0.05,0.1,0.5,4,0.0,True,True,False,0.0,True,True,229
0.05,10000,30,0.05,0.1,0.5,4,0.0,True,True,False,0.0,True,True,240
0.05,10000,31,0.05,0.1,0.5,4,0.0,True,True,False,0.0,True,True,259
0.05,10000,32,0.05,0.1,0.5,4,0.0,True,True,False,0.0,True,True,233
0.05,10000,33,0.05,0.1,0.5,4,0.0,True,True,False,0.0,True,True,248
0.05,10000,34,0.05,0.1,0.5,4,0.0,True,True,False,0.0,True,True,235
0.05,10000,35,0.05,0.1,0.5,4,0.0,True,True,False,0.0,True,True,226
0.05,10000,36,0.05,0.1,0.5,4,0.0,True,True,False,0.0,True,True,255
0.05,10000,37,0.05,0.1,0.5,4,0.0,True,True,False,0.0,True,True,254
0.05,10000,38,0.05,0.1,0.5,4,0.0,True,True,False,0.0,True,True,246
0.05,10000,39,0.05,0.1,0.5,4,0.0,True,True,False,0.0,True,True,238
0.05,10000,40,0.05,0.1,0.5,4,0.0,True,True,False,0.0,True,True,242
0.05,10000,41,0.05,0.1,0.5,4,0.0,True,True,False,0.0,True,True,222
0.05,10000,42,0.05,0.1,0.5,4,0.0,True,True,False,0.0,True,True,246
0.05,10000,43,0.05,0.1,0.5,4,0.0,True,True,False,0.0,True,True,240
0.05,10000,44,0.05,0.1,0.5,4,0.0,True,True,False,0.0,True,True,250
0.05,10000,45,0.05,0.1,0.5,4,0.0,True,True,False,0.0,True,True,225
0.05,10000,46,0.05,0.1,0.5,4,0.0,True,True,False,0.0,True,True,244
0.05,10000,47,0.05,0.1,0.5,4,0.0,True,True,False,0.0,True,True,237
0.05,10000,48,0.05,0.1,0.5,4,0.0,True,True,False,0.0,True,True,241
0.05,10000,49,0.05,0.1,0.5,4,0.0,True,True,False,0.0,True,True,230
