horizon,instance,memory,uniform_ambiguity,uniform_loss,robust_ambiguity,robust_loss,robust_inflation,weighted_ambiguity,weighted_loss,weighted_certificate,robust_weighted_certificate,robust_weighted_loss,max_concentrability,relative_uniform_slack,weighted_to_uniform_ratio,theorem_violation,monotonicity_violation,sandwich_violation,robust_certificate_violation,inflation_violation,weighted_monotonicity_violation,weighted_certificate_violation,robust_weighted_certificate_violation
3,0,1,0.6333624869047287,0.4913198858475192,0.7412684710142639,0.48292515397359725,0.10790598410953511,0.12193031423128398,0.2555085876219667,0.4276343429412052,0.6431095532244865,0.2555085876219667,4.0,0.28910411556452326,0.6751810405303189,False,False,False,False,False,False,False,False
3,0,2,0.281349128598637,0.2813491285986369,0.33706890850093796,0.2862285543326005,0.05571977990230098,0.009352799938779483,0.008373063884463683,0.03741119975511793,0.0901162927658422,0.008373063884463683,4.0,1.9730344112935977e-16,0.1329707326319374,False,False,False,False,False,False,False,False
3,0,3,0.0,0.0,0.1023538912658954,0.0,0.1023538912658954,0.0,0.0,0.0,0.038846485824835644,0.0,4.0,,,False,False,False,False,False,False,False,False
3,1,1,0.584934184497155,0.42894789725663673,0.6967890106334302,0.44728991489724,0.11185482613627529,0.11227238909814949,0.0780744797917925,0.4064222368448281,0.5939881861822847,0.0780744797917925,4.0,0.3636485648679906,0.6948170368846085,False,False,False,False,False,False,False,False
3,1,2,0.26125814158559313,0.26125814158559313,0.36053868715385945,0.2688766074652933,0.09928054556826632,0.052153374352367214,0.03834911569834487,0.20861349740946886,0.33919153668475904,0.03834911569834487,4.0,0.0,0.7984956799561521,False,False,False,False,False,False,False,False
3,1,3,0.0,0.0,0.12097522589047727,0.0,0.12097522589047727,0.0,0.0,0.0,0.01972989794996264,0.0,4.0,,,False,False,False,False,False,False,False,False
3,2,1,0.4272303427863111,0.2841187701151716,0.5436366388557848,0.3028094913578643,0.11640629606947372,0.11370664604335126,0.017510241558557516,0.41028311291455816,0.6521584877511505,0.11225431126829877,4.0,0.503703337210446,0.9603323355704876,False,False,False,False,False,False,False,False
3,2,2,0.2642381833379325,0.2642381833379325,0.4005199732050193,0.2669658849947093,0.13628178986708683,0.021579070401937003,0.0066966893227733415,0.08631628160774801,0.21646905712064704,0.0066966893227733415,4.0,0.0,0.32666089555027966,False,False,False,False,False,False,False,False
3,2,3,0.0,0.0,0.1689696702700091,0.0,0.1689696702700091,0.0,0.0,0.0,0.0748620483380245,0.0,4.0,,,False,False,False,False,False,False,False,False
3,3,1,0.30971489443068856,0.23087544378516722,0.47189759693348543,0.27513837978994404,0.16218270250279687,0.0926827651620259,0.24163880865360898,0.35764549410848506,0.6168871680200598,0.24163880865360898,4.0,0.34148045090010753,1.1547571671226904,False,False,False,False,False,False,False,False
3,3,2,0.21408680848073516,0.2140868084807352,0.40269127684229555,0.21466095369375343,0.1886044683615604,0.03143081990941757,0.038953979860435695,0.12572327963767027,0.3171162326119975,0.038953979860435695,4.0,-1.2964636080380695e-16,0.5872537431421592,False,False,False,False,False,False,False,False
3,3,3,0.0,0.0,0.2351987307778125,0.0,0.2351987307778125,0.0,0.0,0.0,0.12608991840826975,0.0,4.0,,,False,False,False,False,False,False,False,False
3,4,1,0.5474087674847419,0.39457049395215105,0.7133394189611129,0.3909605215497063,0.16593065147637098,0.10578376570378781,0.14278561161344028,0.30883142578766704,0.5276182547387149,0.14278561161344028,4.0,0.387353529661357,0.5641696738009868,False,False,False,False,False,False,False,False
3,4,2,0.2897499263024146,0.28974992630241464,0.46493639213775173,0.2923864836025417,0.17518646583533715,0.02674029479934239,0.03217765464177402,0.10696117919736955,0.2215156017900717,0.03217765464177402,4.0,-1.9158296928545318e-16,0.3691499789571412,False,False,False,False,False,False,False,False
3,4,3,0.0,0.0,0.20592620849394988,0.0,0.20592620849394988,0.0,0.0,0.0,0.057816230760919754,0.0,4.0,,,False,False,False,False,False,False,False,False
3,5,1,0.5217741808275081,0.4501192383606114,0.6533727522648753,0.43567420781446486,0.1315985714373672,0.09655779399396029,0.04151030645010656,0.3666788233941657,0.6075465539440511,0.04151030645010656,4.0,0.1591910239781634,0.7027538672239994,False,False,False,False,False,False,False,False
3,5,2,0.3066000526375939,0.3066000526375938,0.4697684452857045,0.30823811809671764,0.16316839264811062,0.03769102264111706,0.05685826659226456,0.15076409056446824,0.291343943099708,0.05685826659226456,4.0,1.8105395205809992e-16,0.4917288476224555,False,False,False,False,False,False,False,False
3,5,3,0.0,0.0,0.17316075204723008,0.0,0.17316075204723008,0.0,0.0,0.0,0.10499960482084729,0.0,4.0,,,False,False,False,False,False,False,False,False
3,6,1,0.573994611256224,0.4615656291494341,0.6743183065559295,0.45663439896432423,0.10032369529970553,0.08879463748861262,0.0849350513008198,0.24423273916912938,0.41292556712179346,0.0849350513008198,4.0,0.24358178990487708,0.42549657153507137,False,False,False,False,False,False,False,False
3,6,2,0.24907590086768933,0.24907590086768938,0.3051958989937853,0.25783312314253115,0.05611999812609597,0.01225999658899701,0.016635578604695223,0.04903998635598804,0.15034766889032172,0.017136966752230975,4.0,-2.2286841496056933e-16,0.19688772051069842,False,False,False,False,False,False,False,False
3,6,3,0.0,0.0,0.10191036222490346,0.0,0.10191036222490346,0.0,0.0,0.0,0.08141479020012127,0.0,4.0,,,False,False,False,False,False,False,False,False
3,7,1,0.47942111302880974,0.3475017441113466,0.6406126447606216,0.34328805819498753,0.1611915317318119,0.055876685894460695,0.10063910444811497,0.22121477811593257,0.4200493233947152,0.10063910444811497,4.0,0.37962217788234615,0.4614206010210467,False,False,False,False,False,False,False,False
3,7,2,0.3324909652172174,0.33249096521721744,0.5354463222427588,0.3346657889777349,0.2029553570255414,0.014386086206785343,0.010858427587386643,0.057544344827141373,0.17006131766539878,0.010858427587386643,4.0,-1.669553673285294e-16,0.17307040144548733,False,False,False,False,False,False,False,False
3,7,3,0.0,0.0,0.24422788289177966,0.0,0.24422788289177966,0.0,0.0,0.0,0.06887731779751347,0.0,4.0,,,False,False,False,False,False,False,False,False
3,8,1,0.5866214885934653,0.39635358205236004,0.7346858094973816,0.3932655461164162,0.1480643209039163,0.1837221200430598,0.2643264028247234,0.502809726522955,0.7851640883166887,0.2643264028247234,4.0,0.4800458861905026,0.8571280396300096,False,False,False,False,False,False,False,False
3,8,2,0.21461182878610985,0.21461182878610985,0.40273683045537434,0.23639305139500455,0.1881250016692645,0.06520761211561596,0.09414762040920954,0.26083044846246384,0.48801074682226786,0.09414762040920954,4.0,0.0,1.215359143705062,False,False,False,False,False,False,False,False
3,8,3,0.0,0.0,0.22312658901327698,0.0,0.22312658901327698,0.0,0.0,0.0,0.11067183523896097,0.0,4.0,,,False,False,False,False,False,False,False,False
3,9,1,0.5048728148550581,0.35580098647472347,0.67809104293751,0.3829270006648283,0.1732182280824519,0.12552395225862012,0.015558678638823764,0.5011212723475813,0.7075437892196578,0.015558678638823764,4.0,0.41897530936419947,0.9925693315284686,False,False,False,False,False,False,False,False
3,9,2,0.2310565340144569,0.23105653401445692,0.41267693339808575,0.23497300628681417,0.18162039938362887,0.045905473501572265,0.01453637728894952,0.18362189400628906,0.3413236422944481,0.01453637728894952,4.0,-1.2012460817875976e-16,0.7947054810179057,False,False,False,False,False,False,False,False
3,9,3,0.0,0.0,0.22813038636710192,0.0,0.22813038636710192,0.0,0.0,0.0,0.06841242223993216,0.0,4.0,,,False,False,False,False,False,False,False,False
3,10,1,0.3996225258448183,0.3029517556148107,0.5011074515173515,0.30308710373641157,0.1014849256725332,0.15393461099830225,0.17551398534573215,0.4877183010649049,0.7387518395202913,0.17551398534573215,4.0,0.31909625357286275,1.2204474711075122,False,False,False,False,False,False,False,False
3,10,2,0.20720601705958214,0.20720601705958214,0.3339620012482598,0.21587009535906093,0.12675598418867767,0.03155599874489906,0.03842830015333387,0.12622399497959624,0.261588464361761,0.03842830015333387,4.0,0.0,0.609171474703365,False,False,False,False,False,False,False,False
3,10,3,0.0,0.0,0.16712090040802108,0.0,0.16712090040802108,0.0,0.0,0.0,0.06938671168394502,0.0,4.0,,,False,False,False,False,False,False,False,False
3,11,1,0.6087315134841003,0.4643266667159749,0.7269560480228363,0.46535851724028454,0.11822453453873605,0.16635489121630928,0.04681168015169712,0.6186049658098609,0.8506022552265472,0.04681168015169712,4.0,0.31099839212219255,1.0162197160933062,False,False,False,False,False,False,False,False
3,11,2,0.3277621478107358,0.32776214781073576,0.45731376639791704,0.3361230963027244,0.12955161858718123,0.014962105531968497,0.002803296007297451,0.05984842212787399,0.16357612709751967,0.002803296007297451,4.0,1.6936413067232034e-16,0.18259711357039643,False,False,False,False,False,False,False,False
3,11,3,0.0,0.0,0.17698716180837787,0.0,0.17698716180837787,0.0,0.0,0.0,0.07863196247175194,0.0,4.0,,,False,False,False,False,False,False,False,False
3,12,1,0.44818120567236985,0.3398193431501916,0.5552740759473241,0.36568344566544086,0.10709287027495429,0.04109698342589308,0.03751413980118734,0.1609529363154373,0.3461731267637803,0.03751413980118734,4.0,0.3188807956534866,0.3591246894745903,False,False,False,False,False,False,False,False
3,12,2,0.21468045496229005,0.21468045496229005,0.304135983505183,0.2173641118933204,0.08945552854289296,0.010557339886025453,0.009575044012464229,0.04222935954410181,0.1562520222801071,0.009575044012464229,4.0,0.0,0.19670798420619923,False,False,False,False,False,False,False,False
3,12,3,0.0,0.0,0.13306598437986933,0.0,0.13306598437986933,0.0,0.0,0.0,0.0864532407414884,0.0,4.0,,,False,False,False,False,False,False,False,False
3,13,1,0.5879140926471984,0.5193626359937171,0.6905775156527671,0.5322812811288495,0.10266342300556874,0.17870277749529262,0.3006083053465325,0.5490496409699333,0.7795688958985378,0.3006083053465325,4.0,0.1319915063245146,0.9338943356464371,False,False,False,False,False,False,False,False
3,13,2,0.2403032353784398,0.24030323537843978,0.3422823303391859,0.25812846666583733,0.10197909496074611,0.08118019417123415,0.05856921205409371,0.3247207766849366,0.5065033683887857,0.05856921205409371,4.0,1.1550229680394543e-16,1.3512958998390199,False,False,False,False,False,False,False,False
3,13,3,0.0,0.0,0.1332725949234541,0.0,0.1332725949234541,0.0,0.0,0.0,0.028118800792574526,0.0,4.0,,,False,False,False,False,False,False,False,False
3,14,1,0.293591033478248,0.2703725946907004,0.4582453511655087,0.279629115108163,0.1646543176872607,0.03339848077794728,0.021842406244418022,0.13072557168079182,0.2838058149850538,0.021842406244418022,4.0,0.08587571093922781,0.445264183078252,False,False,False,False,False,False,False,False
3,14,2,0.27037259469070046,0.2703725946907004,0.4240822763575907,0.279629115108163,0.15370968166689025,0.02521941008764723,0.0002285368961676415,0.10087764035058892,0.2400213425628262,0.0002285368961676415,4.0,2.053135277810283e-16,0.37310601122865444,False,False,False,False,False,False,False,False
3,14,3,0.0,0.0,0.1947611177035542,0.0,0.1947611177035542,0.0,0.0,0.0,0.08509888461316847,0.0,4.0,,,False,False,False,False,False,False,False,False
3,15,1,0.34228748403544296,0.30539668549859933,0.45868151083073555,0.2851330637963807,0.1163940267952926,0.1205711754840594,0.10427462362889495,0.36275942190405763,0.628554726215417,0.10427462362889495,4.0,0.12079632913047061,1.0598091920489119,False,False,False,False,False,False,False,False
3,15,2,0.20637365790225454,0.20637365790225454,0.2570149557806399,0.2121033302497033,0.05064129787838534,0.023676070816858408,0.01738373872649479,0.09470428326743363,0.2096817900995948,0.01738373872649479,4.0,0.0,0.4588971491327093,False,False,False,False,False,False,False,False
3,15,3,0.0,0.0,0.09836657907062019,0.0,0.09836657907062019,0.0,0.0,0.0,0.0700637034936879,0.0,4.0,,,False,False,False,False,False,False,False,False
3,16,1,0.5702995383089937,0.4118626543628241,0.671177016686064,0.41938349441911527,0.10087747837707028,0.10196917150497986,0.04410989890391104,0.3131418794863715,0.6061626220500568,0.04410989890391104,4.0,0.38468378297440164,0.5490831720026893,False,False,False,False,False,False,False,False
3,16,2,0.10022603147776221,0.10022603147776221,0.23235864563901137,0.14051004006564405,0.13213261416124916,0.032731864449289945,0.06745100242108681,0.13092745779715978,0.36507769292041314,0.034566689344506685,4.0,0.0,1.306321879323432,False,False,False,False,False,False,False,False
3,16,3,0.0,0.0,0.16393792952158326,0.0,0.16393792952158326,0.0,0.0,0.0,0.14465809588060585,0.0,4.0,,,False,False,False,False,False,False,False,False
3,17,1,0.7284002478997931,0.6279052498339319,0.8290872760869139,0.622714644513779,0.10068702818712083,0.1848117252862539,0.14084880553288937,0.5463226959489299,0.800190513923033,0.14084880553288937,4.0,0.16004802968670834,0.7500309033723561,False,False,False,False,False,False,False,False
3,17,2,0.23645123751621733,0.23645123751621733,0.29113382130267945,0.24667283492370817,0.054682583786462124,0.03255748388372741,0.07027877093548485,0.13022993553490964,0.28082794521330284,0.07027877093548485,4.0,0.0,0.5507686781549521,False,False,False,False,False,False,False,False
3,17,3,0.0,0.0,0.10210031587967033,0.0,0.10210031587967033,0.0,0.0,0.0,0.07612439943043123,0.0,4.0,,,False,False,False,False,False,False,False,False
3,18,1,0.5319119485913997,0.4368930676312569,0.6379266467090379,0.4554492420096852,0.1060146981176382,0.16995798515924443,0.11922759097639912,0.4952648685179882,0.6853410117190395,0.11922759097639912,4.0,0.21748772869140573,0.9311031080041355,False,False,False,False,False,False,False,False
3,18,2,0.2180394666938357,0.21803946669383567,0.27449083639269894,0.2409273954161214,0.056451369698863246,0.02284697061943124,0.006314619161581714,0.09138788247772496,0.15500360887403358,0.006314619161581714,4.0,1.272961085279228e-16,0.419134590005437,False,False,False,False,False,False,False,False
3,18,3,0.0,0.0,0.0837913428697536,0.0,0.0837913428697536,0.0,0.0,0.0,0.0201347701722185,0.0,4.0,,,False,False,False,False,False,False,False,False
3,19,1,0.5878804336622658,0.3478164786111362,0.7030399690419051,0.385671475881906,0.1151595353796393,0.16273959893605094,0.066721747580188,0.5355223043649759,0.7624383570951074,0.066721747580188,4.0,0.6902029369330848,0.9109374520748732,False,False,False,False,False,False,False,False
3,19,2,0.2699678809874443,0.2699678809874443,0.32357425478160673,0.28599091484215844,0.05360637379416244,0.07422689832306187,0.044280947123858994,0.2969075932922475,0.464431245281797,0.044280947123858994,4.0,0.0,1.099788583020571,False,False,False,False,False,False,False,False
3,19,3,0.0,0.0,0.0962273391745182,0.0,0.0962273391745182,0.0,0.0,0.0,0.06746650171705303,0.0,4.0,,,False,False,False,False,False,False,False,False
3,20,1,0.41567128659013375,0.3404478408502707,0.5293588525077237,0.3794666590179545,0.11368756591759,0.15523716829216713,0.23242113973683187,0.5280741969616117,0.7784113031428382,0.23242113973683187,4.0,0.2209543921676578,1.270412977748716,False,False,False,False,False,False,False,False
3,20,2,0.20909119493353343,0.20909119493353345,0.3558807770878992,0.21215467099139362,0.1467895821543658,0.02798506409412522,0.052073306285358,0.11194025637650087,0.22518948640016395,0.052073306285358,4.0,-1.3274387582151386e-16,0.535365711655552,False,False,False,False,False,False,False,False
3,20,3,0.0,0.0,0.19260541899327355,0.0,0.19260541899327355,0.0,0.0,0.0,0.05322143233007853,0.0,4.0,,,False,False,False,False,False,False,False,False
3,21,1,0.37509248508144677,0.28950123010032347,0.4977346233511012,0.3023242838444372,0.12264213826965442,0.06726717679853506,0.04485107926731735,0.23975304638329462,0.49578211597675004,0.04485107926731735,4.0,0.29565074715386386,0.6391838171090929,False,False,False,False,False,False,False,False
3,21,2,0.24072534687644576,0.24072534687644576,0.3834417587550946,0.24206707660735793,0.14271641187864886,0.036673098488625405,0.04678756918539051,0.14669239395450162,0.3295574778414544,0.04678756918539051,4.0,0.0,0.6093766022478417,False,False,False,False,False,False,False,False
3,21,3,0.0,0.0,0.18501267992949566,0.0,0.18501267992949566,0.0,0.0,0.0,0.11838397829076831,0.0,4.0,,,False,False,False,False,False,False,False,False
3,22,1,0.5276257756541181,0.4556304610412506,0.6280862447810034,0.4587584536328003,0.10046046912688533,0.18018421094799822,0.15699942637686326,0.5718630515022043,0.8595116445601335,0.15699942637686326,4.0,0.15801251401922697,1.0838421432183512,False,False,False,False,False,False,False,False
3,22,2,0.23325682668823297,0.233256826688233,0.30752731492021657,0.24295828420407534,0.0742704882319836,0.04094300822249137,0.06338207270502894,0.16377203288996547,0.2491497412898259,0.06338207270502894,4.0,-1.18991482520366e-16,0.7021103528466515,False,False,False,False,False,False,False,False
3,22,3,0.0,0.0,0.12079993842445685,0.0,0.12079993842445685,0.0,0.0,0.0,0.019549084933397715,0.0,4.0,,,False,False,False,False,False,False,False,False
3,23,1,0.522891398530601,0.40788473727998675,0.7095073270012122,0.40470495150245545,0.18661592847061126,0.08734984724199782,0.10464019471790387,0.26309619757650704,0.4859624547055593,0.10464019471790387,4.0,0.28195872691276874,0.5031564839579398,False,False,False,False,False,False,False,False
3,23,2,0.2768711142991099,0.2768711142991098,0.46912818927601013,0.28188112437662305,0.19225707497690026,0.03389983805860718,0.035212860097052934,0.13559935223442873,0.32332702226403354,0.035212860097052934,4.0,2.0049455636346354e-16,0.48975622674721425,False,False,False,False,False,False,False,False
3,23,3,0.0,0.0,0.23407543325327507,0.0,0.23407543325327507,0.0,0.0,0.0,0.12088755673595661,0.0,4.0,,,False,False,False,False,False,False,False,False
3,24,1,0.5501773760264609,0.4698080551686652,0.6559790829842935,0.47666132741433653,0.10580170695783264,0.19408575677175607,0.20551127714992012,0.6294365030150537,0.9111276867443747,0.20551127714992012,4.0,0.17106841820526555,1.1440610436601828,False,False,False,False,False,False,False,False
3,24,2,0.25544024834932766,0.25544024834932777,0.34368752189597074,0.26560570663002536,0.08824727354664308,0.08087496421585441,0.050766241276402946,0.32349985686341765,0.49345581384602094,0.050766241276402946,4.0,-4.3463120310894353e-16,1.2664404257116717,False,False,False,False,False,False,False,False
3,24,3,0.0,0.0,0.13617013872434047,0.0,0.13617013872434047,0.0,0.0,0.0,0.05357832873258635,0.0,4.0,,,False,False,False,False,False,False,False,False
3,25,1,0.4702892689475478,0.37280108601534456,0.5856343119753704,0.39414701432750787,0.11534504302782261,0.18667482895674598,0.09780957739543394,0.6338053406801349,0.8897891544138005,0.09780957739543394,4.0,0.2615018748314231,1.3476925427163517,False,False,False,False,False,False,False,False
3,25,2,0.27450118149247393,0.27450118149247393,0.42406474936045796,0.27461081252348896,0.14956356786798403,0.05130312687109587,0.04270100903731455,0.20521250748438347,0.31122872623802944,0.02691955420891201,4.0,0.0,0.7475833304929138,False,False,False,False,False,False,False,False
3,25,3,0.0,0.0,0.19169885580999502,0.0,0.19169885580999502,0.0,0.0,0.0,0.031944166757879394,0.0,4.0,,,False,False,False,False,False,False,False,False
3,26,1,0.6104275069676333,0.46608738798349425,0.7394216352109996,0.47443855713341443,0.1289941282433663,0.3017602764240368,0.2783311708977112,0.8871547277518881,1.2227660138787353,0.2783311708977112,4.0,0.30968467009721057,1.453333471420592,False,False,False,False,False,False,False,False
3,26,2,0.36692268405946626,0.36692268405946626,0.49155713102059206,0.3734967583240565,0.1246344469611258,0.039462917485727944,0.003010410949648712,0.15785166994291178,0.2844848446491656,0.003010410949648712,4.0,0.0,0.4302041732511941,False,False,False,False,False,False,False,False
3,26,3,0.0,0.0,0.156188386023505,0.0,0.156188386023505,0.0,0.0,0.0,0.07106470938910808,0.0,4.0,,,False,False,False,False,False,False,False,False
3,27,1,0.5086245446608822,0.4563455330411168,0.6122925652042382,0.4651058048213752,0.103668020543356,0.13310064832324867,0.08322579759856419,0.4587836267158362,0.729304130713527,0.12077837899889787,4.0,0.11456014759556132,0.9020084294628826,False,False,False,False,False,False,False,False
3,27,2,0.22377183560638342,0.22377183560638342,0.2890282769588999,0.22381816641545849,0.06525644135251646,0.019243609299683193,0.059305293666972014,0.07697443719873277,0.20554708541030164,0.059305293666972014,4.0,0.0,0.3439862616765207,False,False,False,False,False,False,False,False
3,27,3,0.0,0.0,0.09110007116007157,0.0,0.09110007116007157,0.0,0.0,0.0,0.09777699222461012,0.0,4.0,,,False,False,False,False,False,False,False,False
3,28,1,0.6522199358556819,0.5241973363577817,0.7528479515821589,0.5219664048980506,0.10062801572647695,0.09347967803685187,0.030456772323497194,0.3207882572256264,0.5463371790518726,0.030456772323497194,4.0,0.24422596342710282,0.49184061938365514,False,False,False,False,False,False,False,False
3,28,2,0.3084356678755924,0.3084356678755924,0.36143015642965326,0.30932880095699744,0.05299448855406086,0.04495884484708236,0.03824039138923152,0.17983537938832944,0.3159441965202171,0.03824039138923152,4.0,0.0,0.5830563651311108,False,False,False,False,False,False,False,False
3,28,3,0.0,0.0,0.08954640472701048,0.0,0.08954640472701048,0.0,0.0,0.0,0.07460110800515066,0.0,4.0,,,False,False,False,False,False,False,False,False
3,29,1,0.49782507581662583,0.3619215345088582,0.5984609061713233,0.36783957620475927,0.10063583035469748,0.11275230626120018,0.1957362633293389,0.42974636457520343,0.6817819037534423,0.1957362633293389,4.0,0.37550554015028165,0.8632477258608419,False,False,False,False,False,False,False,False
3,29,2,0.3604427546712198,0.3604427546712198,0.5088624060274223,0.36655523089678754,0.1484196513562025,0.014769899108216276,0.04346294170332454,0.0590795964328651,0.18115017965821317,0.008198993112818131,4.0,0.0,0.16390840339336255,False,False,False,False,False,False,False,False
3,29,3,0.0,0.0,0.1813687608268144,0.0,0.1813687608268144,0.0,0.0,0.0,0.10430946143275364,0.0,4.0,,,False,False,False,False,False,False,False,False
3,30,1,0.5145984660812947,0.4352737046175523,0.6200630839458112,0.452935441861929,0.10546461786451655,0.0886482924073422,0.1672823717282501,0.2918510203980456,0.5978364417623762,0.1672823717282501,4.0,0.18224110627918594,0.5671431992802324,False,False,False,False,False,False,False,False
3,30,2,0.3288043202549623,0.3288043202549623,0.4153108992650033,0.3313060916176639,0.086506579010041,0.05065308763463475,0.08794385280514638,0.202612350538539,0.4290878535419566,0.08794385280514638,4.0,0.0,0.6162095144657126,False,False,False,False,False,False,False,False
3,30,3,0.0,0.0,0.13445990425091686,0.0,0.13445990425091686,0.0,0.0,0.0,0.09668829735034642,0.0,4.0,,,False,False,False,False,False,False,False,False
3,31,1,0.564171523636797,0.44805569952801094,0.6700249781612477,0.4615977528083517,0.10585345452445072,0.15599790126177493,0.028557408465153866,0.44062382537548955,0.6510089440562197,0.028557408465153866,4.0,0.259154886839079,0.7810103965104678,False,False,False,False,False,False,False,False
3,31,2,0.23876804317243538,0.23876804317243538,0.3851341118901882,0.24351979086433684,0.14636606871775282,0.036622463496912616,0.021126588007808866,0.14648985398765046,0.25778758443917577,0.021126588007808866,4.0,0.0,0.6135237029264309,False,False,False,False,False,False,False,False
3,31,3,0.0,0.0,0.1826620996471373,0.0,0.1826620996471373,0.0,0.0,0.0,0.04762159855433254,0.0,4.0,,,False,False,False,False,False,False,False,False
3,32,1,0.564031230029042,0.47052595834744015,0.6642617624893632,0.474998655963459,0.10023053246032121,0.21198517816537532,0.34230282284591507,0.6084618082416151,0.8897397742165171,0.34230282284591507,4.0,0.1987250012943107,1.0787732590805041,False,False,False,False,False,False,False,False
3,32,2,0.2257524803338893,0.22575248033388928,0.34633329340807767,0.2270588297554692,0.12058081307418836,0.04605788171502345,0.09824696787763854,0.1842315268600938,0.32278403458955107,0.09824696787763854,4.0,1.2294693539835421e-16,0.816077531407913,False,False,False,False,False,False,False,False
3,32,3,0.0,0.0,0.14531265545043665,0.0,0.14531265545043665,0.0,0.0,0.0,0.05182950894332527,0.0,4.0,,,False,False,False,False,False,False,False,False
3,33,1,0.6061207056269173,0.49645672509397576,0.7134018988863473,0.5110836311583316,0.10728119325942997,0.1304657430491245,0.08471321158377743,0.40195004435938014,0.6350786455665117,0.08471321158377743,4.0,0.22089333267100564,0.6631518122180611,False,False,False,False,False,False,False,False
3,33,2,0.3359429113063249,0.335942911306325,0.43952481345381905,0.33977983382377314,0.10358190214749413,0.07050927913056557,0.08471321158377743,0.28203711652226227,0.45590646453852196,0.08471321158377743,4.0,-1.6523983499279953e-16,0.8395388235029332,False,False,False,False,False,False,False,False
3,33,3,0.0,0.0,0.1506257805207613,0.0,0.1506257805207613,0.0,0.0,0.0,0.05231474671858055,0.0,4.0,,,False,False,False,False,False,False,False,False
3,34,1,0.6423089195385281,0.4382779109106687,0.7454682994417923,0.45887470530137664,0.10315937990326418,0.2485963550847457,0.26962318946463215,0.6352027732978152,0.8449895172854816,0.26962318946463215,4.0,0.4655288426558319,0.988936559925373,False,False,False,False,False,False,False,False
3,34,2,0.3291494700066592,0.3291494700066592,0.37978696318026456,0.3350523985525644,0.050637493173605386,0.062158537089322154,0.0005842581527764068,0.24863414835728861,0.39970648004888293,0.0005842581527764068,4.0,0.0,0.7553837116986953,False,False,False,False,False,False,False,False
3,34,3,0.0,0.0,0.09785961454554054,0.0,0.09785961454554054,0.0,0.0,0.0,0.02468898716737261,0.0,4.0,,,False,False,False,False,False,False,False,False
3,35,1,0.4913939702760454,0.3922118979670053,0.596456835970987,0.4151835933280308,0.10506286569494155,0.1840251045357365,0.1359161105216149,0.6247813657453062,0.8686891712452045,0.1359161105216149,4.0,0.2528787954244667,1.271446952013532,False,False,False,False,False,False,False,False
3,35,2,0.2654212764322551,0.2654212764322551,0.3154592247082108,0.2667228969495381,0.0500379482759557,0.0699423294505037,0.051221180508728814,0.2797693178020148,0.42355525064719546,0.051221180508728814,4.0,0.0,1.0540576157368524,False,False,False,False,False,False,False,False
3,35,3,0.0,0.0,0.09891118635868656,0.0,0.09891118635868656,0.0,0.0,0.0,0.052458541081234614,0.0,4.0,,,False,False,False,False,False,False,False,False
3,36,1,0.6126368570350533,0.4628448820283896,0.804208788694161,0.45508003752856585,0.19157193165910769,0.18855396772867367,0.21665974735138605,0.5796721272017218,0.9394544042807957,0.21665974735138605,4.0,0.32363321022414576,0.94619205577531,False,False,False,False,False,False,False,False
3,36,2,0.14211786836232598,0.14211786836232598,0.3482085584027225,0.1719142641402479,0.20609069004039654,0.021905430771985375,0.000160617459524115,0.0876217230879415,0.2619851923508679,0.0,4.0,0.0,0.6165426212596441,False,False,False,False,False,False,False,False
3,36,3,0.0,0.0,0.24621255429497357,0.0,0.24621255429497357,0.0,0.0,0.0,0.12671987698692855,0.0,4.0,,,False,False,False,False,False,False,False,False
3,37,1,0.6469453406522184,0.5406275028793643,0.7479406202440011,0.5496658768652023,0.10099527959178267,0.2956568121601594,0.12892438093663294,0.8017534805275272,1.053176440798659,0.12892438093663294,4.0,0.1966563617400313,1.2392909109125645,False,False,False,False,False,False,False,False
3,37,2,0.21767701055273933,0.21767701055273936,0.27020133050448936,0.23039103606211864,0.052524319951750026,0.06148297040053469,0.11780836554670171,0.24593188160213875,0.4125905418617556,0.06216408602889789,4.0,-1.2750807053602118e-16,1.1298018149810716,False,False,False,False,False,False,False,False
3,37,3,0.0,0.0,0.09921037961577128,0.0,0.09921037961577128,0.0,0.0,0.0,0.05183622255284768,0.0,4.0,,,False,False,False,False,False,False,False,False
3,38,1,0.6276858164557244,0.49856866045920234,0.7286047553736491,0.5166688023576409,0.1009189389179247,0.1903234631544673,0.2885001346845819,0.4455162183565939,0.6786939213768586,0.2885001346845819,4.0,0.25897567624407003,0.7097758252245288,False,False,False,False,False,False,False,False
3,38,2,0.196428187031989,0.19642818703198905,0.3169499879055843,0.20605291590422803,0.12052180087359532,0.015473897294357195,0.010701243939342575,0.06189558917742878,0.1814926411320092,0.010701243939342575,4.0,-2.8260277748334373e-16,0.31510543426921145,False,False,False,False,False,False,False,False
3,38,3,0.0,0.0,0.14811106666420182,0.0,0.14811106666420182,0.0,0.0,0.0,0.08387285832050413,0.0,4.0,,,False,False,False,False,False,False,False,False
3,39,1,0.5278665651695038,0.47114657636016677,0.6355760335864167,0.4620344318915952,0.10770946841691287,0.19275259607213246,0.016762816684205095,0.6878645449095606,0.9452414276407053,0.016762816684205095,4.0,0.12038713991625738,1.3031030762266211,False,False,False,False,False,False,False,False
3,39,2,0.2784701096503204,0.2784701096503204,0.39932644230257003,0.28142446163365287,0.12085633265224965,0.03549610368471725,0.04363490147582638,0.141984414738869,0.2333615872193765,0.04363490147582638,4.0,0.0,0.5098730880566005,False,False,False,False,False,False,False,False
3,39,3,0.0,0.0,0.16108622014971247,0.0,0.16108622014971247,0.0,0.0,0.0,0.034922217825457416,0.0,4.0,,,False,False,False,False,False,False,False,False
3,40,1,0.5051944177814904,0.41673282172209514,0.6087332014733278,0.41425118097783886,0.10353878369183733,0.15093807528646075,0.16260796453776205,0.527791460992807,0.7846530296569899,0.06742838068712453,4.0,0.21227412732656634,1.0447294000407787,False,False,False,False,False,False,False,False
3,40,2,0.24602532182924108,0.24602532182924108,0.312056147902501,0.2596235165631564,0.06603082607325994,0.048058537783153575,0.03190766739542883,0.1922341511326143,0.29636877553828966,0.03190766739542883,4.0,0.0,0.7813592101143083,False,False,False,False,False,False,False,False
3,40,3,0.0,0.0,0.09487269740087423,0.0,0.09487269740087423,0.0,0.0,0.0,0.05231609931955956,0.0,4.0,,,False,False,False,False,False,False,False,False
3,41,1,0.5394829773962792,0.45078947544630443,0.6410105111321504,0.4436730996404201,0.1015275337358712,0.1380416832938432,0.22134185959772412,0.4032540520950868,0.6344184115902225,0.22134185959772412,4.0,0.1967514921730674,0.7474824396523546,False,False,False,False,False,False,False,False
3,41,2,0.2277307334292049,0.2277307334292049,0.3181443836753083,0.22975974158172618,0.09041365024610337,0.03032808650158804,0.010945432148081302,0.12131234600635216,0.23734375363863539,0.010945432148081302,4.0,0.0,0.5327008093269271,False,False,False,False,False,False,False,False
3,41,3,0.0,0.0,0.13276124209298534,0.0,0.13276124209298534,0.0,0.0,0.0,0.06782519457834271,0.0,4.0,,,False,False,False,False,False,False,False,False
3,42,1,0.5348051669294962,0.3603013007977086,0.6337106036113095,0.3673852965724799,0.09890543668181329,0.10223963312658875,0.0801251113592234,0.3780219637791945,0.5651142423190736,0.0801251113592234,4.0,0.4843276051056027,0.7068405227824387,False,False,False,False,False,False,False,False
3,42,2,0.2914176845357966,0.29141768453579653,0.34349150941675094,0.30847844472037156,0.052073824880954356,0.058280790611089574,0.07497770445137264,0.2331231624443583,0.3288041779963481,0.07497770445137264,4.0,1.9048655650285035e-16,0.7999623043320228,False,False,False,False,False,False,False,False
3,42,3,0.0,0.0,0.09284975769850046,0.0,0.09284975769850046,0.0,0.0,0.0,0.036223888121896405,0.0,4.0,,,False,False,False,False,False,False,False,False
3,43,1,0.3849985006443777,0.33601289536898893,0.5128643022356432,0.33752188587927046,0.12786580159126548,0.15383124094726464,0.10478267193701352,0.5556897911465416,0.8743892193646329,0.09383323430821178,4.0,0.14578489680164133,1.4433557279222526,False,False,False,False,False,False,False,False
3,43,2,0.3250547193000836,0.32505471930008356,0.47054524384945673,0.3250618946668479,0.1454905245493731,0.061054730537167104,0.05465680867314493,0.24421892214866842,0.4294816144150669,0.05465680867314493,4.0,1.707747893978771e-16,0.7513163404442398,False,False,False,False,False,False,False,False
3,43,3,0.0,0.0,0.15222204292875363,0.0,0.15222204292875363,0.0,0.0,0.0,0.08593032125549399,0.0,4.0,,,False,False,False,False,False,False,False,False
3,44,1,0.5265931461620021,0.4874752199679592,0.6418587438366461,0.48229801693670415,0.11526559767464395,0.169361584176773,0.10372357702496382,0.4905270912649107,0.7230332571256356,0.10372357702496382,4.0,0.08024597885532339,0.931510588088824,False,False,False,False,False,False,False,False
3,44,2,0.21271201941317297,0.21271201941317297,0.3099730460524535,0.21359057174970553,0.09726102663928055,0.03197518403383503,0.012609351749669262,0.12790073613534012,0.2668976904590055,0.03300913688976159,4.0,0.0,0.6012858910756004,False,False,False,False,False,False,False,False
3,44,3,0.0,0.0,0.1399112253898166,0.0,0.1399112253898166,0.0,0.0,0.0,0.04851998943354495,0.0,4.0,,,False,False,False,False,False,False,False,False
3,45,1,0.4916393121820457,0.32884616636978836,0.6976470470056593,0.35583129792872503,0.20600773482361356,0.13853734662914946,0.16497848038932328,0.447184516962015,0.6899815396265145,0.16497848038932328,4.0,0.4950434654883464,0.9095784366332978,False,False,False,False,False,False,False,False
3,45,2,0.2635952726362646,0.2635952726362646,0.4499515233542918,0.27147587281095653,0.1863562507180272,0.03586638351149037,0.029476688477942492,0.1434655340459615,0.2657562065363197,0.029476688477942492,4.0,0.0,0.5442644422683928,False,False,False,False,False,False,False,False
3,45,3,0.0,0.0,0.23100314505208508,0.0,0.23100314505208508,0.0,0.0,0.0,0.06943346488037308,0.0,4.0,,,False,False,False,False,False,False,False,False
3,46,1,0.41411381305176576,0.33379184628273273,0.5228610802411646,0.35717072948994244,0.10874726718939887,0.15081544230562027,0.18061684684236567,0.5211048655231044,0.797157707355233,0.10478103944685602,4.0,0.2406348976571395,1.2583614675465182,False,False,False,False,False,False,False,False
3,46,2,0.2350701384442965,0.23507013844429658,0.33736862713587895,0.23787388421763694,0.10229848869158245,0.030066833696010355,0.042327075417322835,0.12026733478404142,0.21845332698697661,0.042327075417322835,4.0,-3.5422077596903296e-16,0.5116231928903238,False,False,False,False,False,False,False,False
3,46,3,0.0,0.0,0.15047147807681438,0.0,0.15047147807681438,0.0,0.0,0.0,0.0618312480756672,0.0,4.0,,,False,False,False,False,False,False,False,False
3,47,1,0.3788670295697066,0.2702143041519006,0.490357032277166,0.2767623865485419,0.1114900027074594,0.06348240337863442,0.012558575965004648,0.17407165764342952,0.4792831457322798,0.012558575965004648,4.0,0.40209834841580766,0.459453169733796,False,False,False,False,False,False,False,False
3,47,2,0.17849008266959993,0.17849008266959998,0.31216058025237514,0.19083390976336168,0.13367049758277522,0.010838609803567843,0.0011266672561276447,0.04335443921427137,0.247719632248307,0.010531463564158239,4.0,-3.1100412079484325e-16,0.2428955075029242,False,False,False,False,False,False,False,False
3,47,3,0.0,0.0,0.17498585554732143,0.0,0.17498585554732143,0.0,0.0,0.0,0.17753414298101308,0.0,4.0,,,False,False,False,False,False,False,False,False
3,48,1,0.48776741084269215,0.3908722718171054,0.6061362339155026,0.4360238045697602,0.11836882307281049,0.16352426181642785,0.23721198316355596,0.5373983466135421,0.8260995329278764,0.23721198316355596,4.0,0.247894634672181,1.1017512336158437,False,False,False,False,False,False,False,False
3,48,2,0.3077871731596631,0.3077871731596631,0.4355479642902049,0.3198429435115487,0.12776079113054184,0.052379198254912954,0.0022738423657535645,0.20951679301965181,0.3452031885814335,0.07686182753411352,4.0,0.0,0.6807197027374692,False,False,False,False,False,False,False,False
3,48,3,0.0,0.0,0.16203178618929648,0.0,0.16203178618929648,0.0,0.0,0.0,0.04463905552460245,0.0,4.0,,,False,False,False,False,False,False,False,False
3,49,1,0.5138652091771319,0.4027445484078165,0.621880545272214,0.414947521006112,0.10801533609508218,0.09947743592432487,0.015383928289900872,0.33101997838893005,0.5576576379267435,0.015383928289900872,4.0,0.27590854105564533,0.644176668272605,False,False,False,False,False,False,False,False
3,49,2,0.18538693993586497,0.18538693993586497,0.3333516766783578,0.1936311707453361,0.14796473674249283,0.03130938396494586,0.012846416028601926,0.12523753585978345,0.2502919913231042,0.012846416028601926,4.0,0.0,0.6755467019581296,False,False,False,False,False,False,False,False
3,49,3,0.0,0.0,0.15785204195495767,0.0,0.15785204195495767,0.0,0.0,0.0,0.0813945152264915,0.0,4.0,,,False,False,False,False,False,False,False,False
3,50,1,0.45786895729760146,0.37825216133290995,0.5584748116513896,0.3746748427244049,0.1006058543537881,0.2192632789786551,0.17145674710739955,0.7096000122235524,1.0407268543205008,0.008883460272117283,4.0,0.21048603049387105,1.5497884294486755,False,False,False,False,False,False,False,False
3,50,2,0.20838083839411653,0.20838083839411647,0.2633097555783524,0.2275735795378936,0.05492891718423587,0.04602483613756511,0.10294570833992056,0.18409934455026045,0.3359747896203831,0.10294570833992056,4.0,2.663927818846186e-16,0.8834753999888809,False,False,False,False,False,False,False,False
3,50,3,0.0,0.0,0.08539122217371153,0.0,0.08539122217371153,0.0,0.0,0.0,0.06423451686407454,0.0,4.0,,,False,False,False,False,False,False,False,False
3,51,1,0.48061076447618395,0.3575132451902507,0.5995516389130809,0.3741335831570236,0.11894087443689699,0.17990493035141455,0.22165123240127338,0.6317134050571294,0.9326503715234163,0.22165123240127338,4.0,0.3443159685466392,1.3143971208086271,False,False,False,False,False,False,False,False
3,51,2,0.28761769346052446,0.28761769346052446,0.3827658831189061,0.2942259743033381,0.09514818965838162,0.05989069120040172,0.05106617928933099,0.23956276480160688,0.3508668540033286,0.05106617928933099,4.0,0.0,0.8329208190193865,False,False,False,False,False,False,False,False
3,51,3,0.0,0.0,0.10960935864388155,0.0,0.10960935864388155,0.0,0.0,0.0,0.03588237796972209,0.0,4.0,,,False,False,False,False,False,False,False,False
3,52,1,0.3554464607449024,0.23799975560212838,0.5681762510955832,0.24300987596211088,0.21272979035068085,0.120217520346489,0.18693924057726852,0.4405529482600839,0.7741107838210599,0.18693924057726852,4.0,0.4934740577595942,1.239435461916896,False,False,False,False,False,False,False,False
3,52,2,0.21412483569974694,0.21412483569974694,0.4326666361842369,0.2238389175994111,0.21854180048448996,0.027521175609917688,0.004648557527290098,0.11008470243967075,0.28742650555119786,0.004648557527290098,4.0,0.0,0.5141145915181704,False,False,False,False,False,False,False,False
3,52,3,0.0,0.0,0.24437894197459326,0.0,0.24437894197459326,0.0,0.0,0.0,0.12251680784124619,0.0,4.0,,,False,False,False,False,False,False,False,False
3,53,1,0.5354461254654754,0.3356592110249952,0.6931804735859851,0.34176584277640554,0.15773434812050968,0.09728933111421721,0.13370078262108587,0.33887065420164303,0.6037836722102918,0.13370078262108587,4.0,0.5952076030638197,0.6328753502643335,False,False,False,False,False,False,False,False
3,53,2,0.2669057712039843,0.2669057712039843,0.42574252952583197,0.272839463531655,0.15883675832184768,0.036543945322289904,0.005256986206171099,0.14617578128915962,0.3344786354580528,0.005256986206171099,4.0,0.0,0.5476681175898738,False,False,False,False,False,False,False,False
3,53,3,0.0,0.0,0.20145013235271225,0.0,0.20145013235271225,0.0,0.0,0.0,0.12513291931291395,0.0,4.0,,,False,False,False,False,False,False,False,False
3,54,1,0.24292131446351187,0.2429213144635119,0.37913888427153913,0.2485061763301375,0.13621756980802727,0.08091963235806651,0.0002640976768737424,0.32367852943226605,0.5671378461429145,0.0002640976768737424,4.0,-1.1425747335892153e-16,1.332441865577359,False,False,False,False,False,False,False,False
3,54,2,0.20546258603488285,0.20546258603488282,0.34223868796339474,0.21345889102408833,0.1367761019285119,0.05922868681997098,0.007654774760593508,0.23691474727988393,0.46370057471580567,0.007654774760593508,4.0,1.3508822287925772e-16,1.1530797497100578,False,False,False,False,False,False,False,False
3,54,3,0.0,0.0,0.1590429760706088,0.0,0.1590429760706088,0.0,0.0,0.0,0.1069018685381889,0.0,4.0,,,False,False,False,False,False,False,False,False
3,55,1,0.4926496332831068,0.37316820083273194,0.6376311345322656,0.3683545060699278,0.14498150124915882,0.1617659692661671,0.0606217400151583,0.5121101386687734,0.8514303331487685,0.0606217400151583,4.0,0.320181173486245,1.0395017149530352,False,False,False,False,False,False,False,False
3,55,2,0.19566654748492068,0.19566654748492074,0.31798338521961794,0.19682080960230725,0.12231683773469726,0.025962126739753774,0.049852283371175865,0.1038485069590151,0.3011901750867002,0.049852283371175865,4.0,-2.837028196428715e-16,0.5307422668507928,False,False,False,False,False,False,False,False
3,55,3,0.0,0.0,0.16695797674433965,0.0,0.16695797674433965,0.0,0.0,0.0,0.12923946981888046,0.0,4.0,,,False,False,False,False,False,False,False,False
3,56,1,0.4205533897275306,0.2645311396597121,0.5236059010985926,0.2760571770541519,0.10305251137106203,0.10059913418676741,0.11909045397736562,0.2787579618698968,0.5254866475577132,0.11909045397736562,4.0,0.5898067436163569,0.662836083785936,False,False,False,False,False,False,False,False
3,56,2,0.22670293965245583,0.2267029396524558,0.2767232819521465,0.22763618824245802,0.050020342299690684,0.02933569749883254,0.0814015638177743,0.11734278999533015,0.25465496223334455,0.0814015638177743,4.0,1.2243147644304595e-16,0.5176059480094131,False,False,False,False,False,False,False,False
3,56,3,0.0,0.0,0.09814016221959027,0.0,0.09814016221959027,0.0,0.0,0.0,0.0742111539505276,0.0,4.0,,,False,False,False,False,False,False,False,False
3,57,1,0.6520607998115648,0.5088310240028537,0.7555170028325235,0.5254132035286222,0.1034562030209587,0.15422877443189634,0.008331514657684558,0.4351031164008101,0.6393469970793548,0.008331514657684558,4.0,0.2814878988351697,0.6672738439828739,False,False,False,False,False,False,False,False
3,57,2,0.21168175913869092,0.21168175913869092,0.34074970365686735,0.23805702941277979,0.12906794451817644,0.05214553749937517,0.006079595130841664,0.2085821499975007,0.3687971510613841,0.00969944911539633,4.0,0.0,0.9853572213600161,False,False,False,False,False,False,False,False
3,57,3,0.0,0.0,0.16553627739854454,0.0,0.16553627739854454,0.0,0.0,0.0,0.07041018416225461,0.0,4.0,,,False,False,False,False,False,False,False,False
3,58,1,0.6641409515614556,0.505809714191877,0.7647781514572622,0.5031301043205472,0.10063719989580666,0.27577032188281003,0.08238268850464658,0.6859288003008601,0.8928466245758055,0.08238268850464658,4.0,0.3130252996871392,1.0328060612557912,False,False,False,False,False,False,False,False
3,58,2,0.2524064222961829,0.2524064222961829,0.3862235143257018,0.25629500495357876,0.1338170920295189,0.03907514835510544,0.09609743587520159,0.15630059342042177,0.26487663544865375,0.03553282273918379,4.0,0.0,0.6192417451130184,False,False,False,False,False,False,False,False
3,58,3,0.0,0.0,0.1644814512568188,0.0,0.1644814512568188,0.0,0.0,0.0,0.016025601703173006,0.0,4.0,,,False,False,False,False,False,False,False,False
3,59,1,0.5930421180187926,0.5333696804802284,0.6965870756365236,0.5380662886613202,0.10354495761773097,0.3316036009320045,0.2567375754171759,0.8551775322806934,1.1930760069675588,0.28582432167556027,4.0,0.11187819578502688,1.4420182079775894,False,False,False,False,False,False,False,False
3,59,2,0.23837126489179777,0.23837126489179783,0.29124375727431623,0.2522051691251067,0.052872492382518455,0.027733954392407188,0.03518385997021256,0.11093581756962875,0.2217309311397954,0.03518385997021256,4.0,-2.3287685810810967e-16,0.4653909002831574,False,False,False,False,False,False,False,False
3,59,3,0.0,0.0,0.07150686125829409,0.0,0.07150686125829409,0.0,0.0,0.0,0.046444606151233525,0.0,4.0,,,False,False,False,False,False,False,False,False
3,60,1,0.5095410252084287,0.3452740895268357,0.6099372533536583,0.3530304141887751,0.10039622814522964,0.17825300933984356,0.20785986299356152,0.5762523696387581,0.792676458478401,0.20785986299356152,4.0,0.47575807355456284,1.1309243831800218,False,False,False,False,False,False,False,False
3,60,2,0.3223045178149031,0.3223045178149031,0.3915407036686076,0.3255065214258763,0.0692361858537045,0.09397450455237694,0.1050270487130962,0.37589801820950774,0.4975623474962109,0.1050270487130962,4.0,0.0,1.166282187907099,False,False,False,False,False,False,False,False
3,60,3,0.0,0.0,0.11463257572471597,0.0,0.11463257572471597,0.0,0.0,0.0,0.038638309206238335,0.0,4.0,,,False,False,False,False,False,False,False,False
3,61,1,0.49289469924775076,0.3644444720935267,0.5952384849980807,0.3736787992849686,0.10234378575032999,0.16751501654223083,0.3501414977685935,0.5501333437296909,0.8130012906308623,0.3501414977685935,4.0,0.35245486484223615,1.116127531031064,False,False,False,False,False,False,False,False
3,61,2,0.2923502870032948,0.29235028700329485,0.3597130380370581,0.29641522432282247,0.06736275103376332,0.10063083128398162,0.15712279623711045,0.4025233251359265,0.5684430686472802,0.15712279623711045,4.0,-1.898789010959042e-16,1.376852847527357,False,False,False,False,False,False,False,False
3,61,3,0.0,0.0,0.09506915752309608,0.0,0.09506915752309608,0.0,0.0,0.0,0.03794227027664671,0.0,4.0,,,False,False,False,False,False,False,False,False
3,62,1,0.5107973610532373,0.4490027362984659,0.6138595977939947,0.46059072063685913,0.10306223674075743,0.0894320096298537,0.007123244111568283,0.3277430110997726,0.5532122395345882,0.007123244111568283,4.0,0.13762638790177573,0.6416301964128863,False,False,False,False,False,False,False,False
3,62,2,0.19000619797470047,0.19000619797470053,0.27431592498963137,0.20537683874800422,0.08430972701493089,0.012513793773981163,0.001997454602016946,0.05005517509592465,0.15382544702688258,0.001997454602016946,4.0,-2.9215442350280163e-16,0.2634396963334299,False,False,False,False,False,False,False,False
3,62,3,0.0,0.0,0.12375599801390569,0.0,0.12375599801390569,0.0,0.0,0.0,0.0862772511089309,0.0,4.0,,,False,False,False,False,False,False,False,False
3,63,1,0.4692227835427347,0.3355893249781259,0.5882725466792058,0.33628970970189165,0.11904976313647109,0.09347561362527085,0.03890398648533244,0.3351023089018756,0.5358317651289939,0.03890398648533244,4.0,0.3982053319881949,0.7141646157328078,False,False,False,False,False,False,False,False
3,63,2,0.26986012494729145,0.2698601249472915,0.3184662095538815,0.27774076818428406,0.04860608460659005,0.06416234237018972,0.032919544269248924,0.2566493694807589,0.43268788563709065,0.032919544269248924,4.0,-2.0570342225291767e-16,0.9510459151046756,False,False,False,False,False,False,False,False
3,63,3,0.0,0.0,0.0936129384711405,0.0,0.0936129384711405,0.0,0.0,0.0,0.08727954089497558,0.0,4.0,,,False,False,False,False,False,False,False,False
3,64,1,0.5017086866476501,0.370346917060143,0.6104102417893589,0.37309360793386537,0.10870155514170876,0.18023871517330786,0.12194128328087595,0.5568347028933973,0.8306238411517921,0.17403141166724923,4.0,0.35469923883874116,1.1098765433265503,False,False,False,False,False,False,False,False
3,64,2,0.28394491786456166,0.28394491786456166,0.4019101351125991,0.2968796524670356,0.11796521724803744,0.09495312815256023,0.14940038861721971,0.3798125126102409,0.5371410842347714,0.13838715607030627,4.0,0.0,1.337627436569958,False,False,False,False,False,False,False,False
3,64,3,0.0,0.0,0.1276842960235829,0.0,0.1276842960235829,0.0,0.0,0.0,0.03224764638621928,0.0,4.0,,,False,False,False,False,False,False,False,False
3,65,1,0.5290669068326623,0.3683224427289813,0.6299067005993211,0.3734174919992357,0.10083979376665875,0.08826269238244809,0.05216997694127734,0.2954304420789602,0.5330654179302191,0.05216997694127734,4.0,0.43642321361872566,0.5583990196015064,False,False,False,False,False,False,False,False
3,65,2,0.151425692108074,0.151425692108074,0.25972413650540127,0.18549451766036684,0.10829844439732728,0.026186158201777388,0.0318321892161213,0.10474463280710955,0.25293252959964563,0.0318321892161213,4.0,0.0,0.6917229919765021,False,False,False,False,False,False,False,False
3,65,3,0.0,0.0,0.14218551183127393,0.0,0.14218551183127393,0.0,0.0,0.0,0.08692074114746949,0.0,4.0,,,False,False,False,False,False,False,False,False
3,66,1,0.48044524064502103,0.31837458260156537,0.5860092052501235,0.3367092810374759,0.10556396460510242,0.1560941021671921,0.20418993238296612,0.4885734451664082,0.7134566986445483,0.20418993238296612,4.0,0.5090565230399734,1.0169180664803228,False,False,False,False,False,False,False,False
3,66,2,0.31837458260156537,0.31837458260156537,0.4473383773449395,0.31924854981538836,0.1289637947433741,0.0655124195283272,0.0759441130477918,0.2620496781133088,0.4148591446559407,0.0759441130477918,4.0,0.0,0.8230860515685537,False,False,False,False,False,False,False,False
3,66,3,0.0,0.0,0.1549449092056252,0.0,0.1549449092056252,0.0,0.0,0.0,0.04825111028467054,0.0,4.0,,,False,False,False,False,False,False,False,False
3,67,1,0.6551348530912577,0.44510173012509113,0.7543759395481047,0.4568687470056584,0.09924108645684693,0.11763147298981166,0.0,0.40623975059864176,0.5781229427926299,0.0,4.0,0.4718766716704045,0.620085694848621,False,False,False,False,False,False,False,False
3,67,2,0.2596665679512564,0.2596665679512564,0.36713456484475593,0.28277516523662904,0.1074679968934995,0.012223532240616267,0.01589350883299856,0.04889412896246507,0.09528172904433045,0.01589350883299856,4.0,0.0,0.1882958185500541,False,False,False,False,False,False,False,False
3,67,3,0.0,0.0,0.1483187675795608,0.0,0.1483187675795608,0.0,0.0,0.0,0.020409052495075644,0.0,4.0,,,False,False,False,False,False,False,False,False
3,68,1,0.7331573042181629,0.5625746624677314,0.8279867453227432,0.5706940949500963,0.09482944110458025,0.20602523037845444,0.3131188808601437,0.5440049119637927,0.7393617608541657,0.3131188808601437,4.0,0.30321778268891736,0.7420029901276346,False,False,False,False,False,False,False,False
3,68,2,0.2279863364459135,0.22798633644591348,0.30523521247835805,0.2424672134590311,0.07724887603244454,0.04995192144265787,0.02150031331067792,0.1998076857706315,0.3525613698463411,0.02150031331067792,4.0,1.2174227652547734e-16,0.8764020198992627,False,False,False,False,False,False,False,False
3,68,3,0.0,0.0,0.12483008790929329,0.0,0.12483008790929329,0.0,0.0,0.0,0.05393967997511861,0.0,4.0,,,False,False,False,False,False,False,False,False
3,69,1,0.47183122034885866,0.31027633706179136,0.572560074330239,0.31052906605198616,0.10072885398138037,0.1587159335355242,0.20117836216833407,0.4749866153494849,0.7515886838235015,0.20117836216833407,4.0,0.5206806449274722,1.0066875502606487,False,False,False,False,False,False,False,False
3,69,2,0.2066794845716959,0.20667948457169594,0.26741182752939047,0.2221604586917425,0.06073234295769456,0.02417918480812589,0.021174081039722514,0.09671673923250355,0.20834243191240254,0.021174081039722514,4.0,-1.342928432067028e-16,0.4679551985187629,False,False,False,False,False,False,False,False
3,69,3,0.0,0.0,0.10406554478636137,0.0,0.10406554478636137,0.0,0.0,0.0,0.06036405139605385,0.0,4.0,,,False,False,False,False,False,False,False,False
3,70,1,0.24943952763587735,0.24943952763587735,0.33153633397905896,0.25721129122133224,0.08209680634318162,0.10410919923247429,0.2240133453080757,0.41643679692989716,0.599334739717498,0.2240133453080757,4.0,0.0,1.6694899997477397,False,False,False,False,False,False,False,False
3,70,2,0.2284805902705261,0.22848059027052614,0.30966579550057055,0.23121434448595196,0.08118520523004444,0.0493859071461204,0.07322935946002884,0.1975436285844816,0.3095908765582846,0.07322935946002884,4.0,-1.2147892117560485e-16,0.8645969810852884,False,False,False,False,False,False,False,False
3,70,3,0.0,0.0,0.09954967053726133,0.0,0.09954967053726133,0.0,0.0,0.0,0.0409233563192475,0.0,4.0,,,False,False,False,False,False,False,False,False
3,71,1,0.3996535827581445,0.27420369996574423,0.5871350731559929,0.2852712519314412,0.1874814903978484,0.0812322473974618,0.10783060720653759,0.2846252280775387,0.5906743004593968,0.10783060720653759,4.0,0.45750616351301054,0.712179848641025,False,False,False,False,False,False,False,False
3,71,2,0.2742036999657442,0.27420369996574423,0.4111634838437498,0.2852712519314412,0.13695978387800561,0.03929105042260851,0.03920902626780021,0.15716420169043405,0.3421747062522425,0.03920902626780021,4.0,-2.0244493870138417e-16,0.5731658679662904,False,False,False,False,False,False,False,False
3,71,3,0.0,0.0,0.14971931056649979,0.0,0.14971931056649979,0.0,0.0,0.0,0.1303023112156956,0.0,4.0,,,False,False,False,False,False,False,False,False
3,72,1,0.5320539881401221,0.3546229332965247,0.6425668414186622,0.3437063993162865,0.1105128532785401,0.11056671374696392,0.06274398405458337,0.3849817648600295,0.6373250671645756,0.06274398405458337,4.0,0.5003372263441151,0.7235765043427143,False,False,False,False,False,False,False,False
3,72,2,0.1797089894910582,0.17970898949105824,0.30124843146304625,0.21426364519167396,0.12153944197198804,0.04204986123722748,0.05257351444897718,0.16819944494890993,0.3462059308334106,0.05257351444897718,4.0,-1.5444734119441446e-16,0.9359545419806561,False,False,False,False,False,False,False,False
3,72,3,0.0,0.0,0.15353111082912974,0.0,0.15353111082912974,0.0,0.0,0.0,0.08605380671135188,0.0,4.0,,,False,False,False,False,False,False,False,False
3,73,1,0.4987625367570642,0.38135060559350076,0.601927630953664,0.38164606397349066,0.10316509419659975,0.19772570774167447,0.4477318219025799,0.5482298647383708,0.8126157845082153,0.4477318219025799,4.0,0.30788447544441105,1.0991801194671542,False,False,False,False,False,False,False,False
3,73,2,0.2721484040488364,0.2721484040488364,0.3398634851553382,0.2785327965029423,0.06771508110650182,0.018218801898581008,0.012732281686575808,0.07287520759432403,0.19867598574375622,0.012732281686575808,4.0,0.0,0.26777745711581225,False,False,False,False,False,False,False,False
3,73,3,0.0,0.0,0.10422020448123243,0.0,0.10422020448123243,0.0,0.0,0.0,0.08224192294192932,0.0,4.0,,,False,False,False,False,False,False,False,False
3,74,1,0.5888550137055064,0.45830533516580263,0.6899467888735087,0.4551259708383515,0.10109177516800227,0.07037687592900169,0.015130950289539591,0.2529773913785672,0.4488406401138028,0.015130950289539591,4.0,0.28485306306214914,0.42960896229217516,False,False,False,False,False,False,False,False
3,74,2,0.24628857836971457,0.24628857836971452,0.39066812251998734,0.2560921833926678,0.14437954415027277,0.04205066002072574,0.015130950289539591,0.16820264008290295,0.3492198534337414,0.015130950289539591,4.0,2.253906843699736e-16,0.6829494132302254,False,False,False,False,False,False,False,False
3,74,3,0.0,0.0,0.18608285649766604,0.0,0.18608285649766604,0.0,0.0,0.0,0.08605406826143189,0.0,4.0,,,False,False,False,False,False,False,False,False
3,75,1,0.7056843269711757,0.4863304479744692,0.8060798004962176,0.48812570749166984,0.10039547352504197,0.16749491947201267,0.11860962472536918,0.5315009010243578,0.6721690972648291,0.11860962472536918,4.0,0.4510387534037799,0.7531709019322849,False,False,False,False,False,False,False,False
3,75,2,0.2743379217213649,0.27433792172136495,0.3523285582499767,0.2851878134607742,0.07799063652861182,0.06270587926925546,0.21683621943547426,0.25082351707702183,0.3670790963009208,0.21683621943547426,4.0,-2.023458910928052e-16,0.9142867143674516,False,False,False,False,False,False,False,False
3,75,3,0.0,0.0,0.1236472632212412,0.0,0.1236472632212412,0.0,0.0,0.0,0.025395135552709364,0.0,4.0,,,False,False,False,False,False,False,False,False
3,76,1,0.5704120817943746,0.43486715106627294,0.7628805322978116,0.44162569301165844,0.19246845050343697,0.17315239734727358,0.15988087731343348,0.47507761976693696,0.7432341832968694,0.15988087731343348,4.0,0.31169273281679744,0.8328673864558774,False,False,False,False,False,False,False,False
3,76,2,0.23393437499476455,0.23393437499476455,0.4073214743290706,0.24167106361238233,0.17338709933430607,0.03936522722939955,0.10771086742083513,0.1574609089175982,0.2994325445270664,0.10771086742083513,4.0,0.0,0.6730986368340359,False,False,False,False,False,False,False,False
3,76,3,0.0,0.0,0.20043160819361183,0.0,0.20043160819361183,0.0,0.0,0.0,0.06730973492970843,0.0,4.0,,,False,False,False,False,False,False,False,False
3,77,1,0.5527376181396046,0.45846304194393883,0.6537627058839662,0.46531066394108533,0.10102508774436159,0.17990773525720033,0.3522236022961589,0.4766756192282575,0.7555272632354546,0.3522236022961589,4.0,0.2056317905057956,0.8623904065597067,False,False,False,False,False,False,False,False
3,77,2,0.1961326386764336,0.1961326386764336,0.31072092987490013,0.21236320247869644,0.11458829119846653,0.023087458651872245,0.014988329187085814,0.09234983460748898,0.27494504860940355,0.015538700691524188,4.0,0.0,0.47085398550029967,False,False,False,False,False,False,False,False
3,77,3,0.0,0.0,0.15575473555097968,0.0,0.15575473555097968,0.0,0.0,0.0,0.12156993149441486,0.0,4.0,,,False,False,False,False,False,False,False,False
3,78,1,0.6070648798827372,0.39295496828957566,0.7173176806072534,0.40913659938138114,0.11025280072451626,0.20078048500982462,0.08579302308695835,0.5986818968781615,0.9039220108712914,0.08579302308695835,4.0,0.5448713691676244,0.9861909603365707,False,False,False,False,False,False,False,False
3,78,2,0.2912341232209253,0.29123412322092534,0.35044200833726025,0.2965651404567069,0.05920788511633496,0.075502086498033,0.06551303253336882,0.302008345992132,0.46531760847263876,0.06551303253336882,4.0,-1.9060661785551823e-16,1.0369950562525037,False,False,False,False,False,False,False,False
3,78,3,0.0,0.0,0.10837628309162367,0.0,0.10837628309162367,0.0,0.0,0.0,0.04216234087127585,0.0,4.0,,,False,False,False,False,False,False,False,False
3,79,1,0.666316555369806,0.502084431309445,0.8583614870322527,0.520909252754765,0.19204493166244663,0.08853386330155136,0.016946078942724263,0.26581052774241276,0.4499995763028045,0.016946078942724263,4.0,0.3271006106125234,0.39892529399166404,False,False,False,False,False,False,False,False
3,79,2,0.17613814347618414,0.17613814347618417,0.4057971574550698,0.17836074036709182,0.22965901397888563,0.019333902801912148,0.01123080161522938,0.07733561120764859,0.20281665570580082,0.01123080161522938,4.0,-1.5757844989084817e-16,0.4390622592096597,False,False,False,False,False,False,False,False
3,79,3,0.0,0.0,0.2650137772811711,0.0,0.2650137772811711,0.0,0.0,0.0,0.0768617228245719,0.0,4.0,,,False,False,False,False,False,False,False,False
3,80,1,0.6424624194490246,0.5504682891674897,0.7464552693153983,0.5586499912996288,0.1039928498663737,0.18534318981761766,0.3022809610404418,0.5473784560171687,0.8675744142491493,0.3022809610404418,4.0,0.16711976346660012,0.8520007387927845,False,False,False,False,False,False,False,False
3,80,2,0.2717786737196701,0.2717786737196701,0.3909239948959283,0.2842810376799697,0.11914532117625815,0.0303489965413214,0.03153892628196342,0.1213959861652856,0.254477992907837,0.03153892628196342,4.0,0.0,0.4466722296632486,False,False,False,False,False,False,False,False
3,80,3,0.0,0.0,0.15895070787088816,0.0,0.15895070787088816,0.0,0.0,0.0,0.08376677104292438,0.0,4.0,,,False,False,False,False,False,False,False,False
3,81,1,0.344587143656194,0.3200501976215534,0.486032983511634,0.3279726425532701,0.14144583985544001,0.0676527937771364,0.04940034861648179,0.26924103231867774,0.4475920453537192,0.04940034861648179,4.0,0.07666592996031996,0.7813438117915057,False,False,False,False,False,False,False,False
3,81,2,0.2617276534133423,0.26172765341334236,0.4016680474158464,0.2791279578097675,0.13994039400250408,0.032124416292034136,0.015434686720815716,0.12849766516813654,0.2946488721318441,0.0036891458917707176,4.0,-2.1209509391653752e-16,0.490959451522695,False,False,False,False,False,False,False,False
3,81,3,0.0,0.0,0.16256483162222274,0.0,0.16256483162222274,0.0,0.0,0.0,0.08896850930229641,0.0,4.0,,,False,False,False,False,False,False,False,False
3,82,1,0.6680827807154688,0.4387107949759228,0.7815083443510911,0.43569446019341185,0.11342556363562228,0.17550295930107057,0.30423113577482264,0.4852293347858689,0.7516467080556243,0.30423113577482264,4.0,0.5228318709416172,0.7263012141492751,False,False,False,False,False,False,False,False
3,82,2,0.23364012301309153,0.23364012301309156,0.3667302276396767,0.2374361108232842,0.1330901046265852,0.039583967074814215,0.08448063282770857,0.15833586829925686,0.31944978306751276,0.08448063282770857,4.0,-1.1879627205158457e-16,0.6776912554971769,False,False,False,False,False,False,False,False
3,82,3,0.0,0.0,0.17994398293597352,0.0,0.17994398293597352,0.0,0.0,0.0,0.09896749141419733,0.0,4.0,,,False,False,False,False,False,False,False,False
3,83,1,0.6013612845288648,0.48708187708034156,0.702381560551099,0.4921055829056571,0.10102027602223418,0.044458884217883646,0.06785427716573356,0.1568672182934858,0.2311548468192305,0.06785427716573356,4.0,0.23462052855165763,0.2608535373479905,False,False,False,False,False,False,False,False
3,83,2,0.2733324421032418,0.2733324421032418,0.3915969295105408,0.28040574405608815,0.118264487407299,0.027459063918530393,0.03179218126263961,0.10983625567412157,0.16471363273155362,0.03179218126263961,4.0,0.0,0.4018412700261711,False,False,False,False,False,False,False,False
3,83,3,0.0,0.0,0.15447186284122738,0.0,0.15447186284122738,0.0,0.0,0.0,0.01764885901441212,0.0,4.0,,,False,False,False,False,False,False,False,False
3,84,1,0.3474855794368371,0.25326286170302725,0.4681862803731506,0.2567333697430273,0.12070070093631347,0.11892424946810545,0.07906414889288604,0.40759078417840194,0.7248845493501823,0.10694584943964736,4.0,0.37203527236572964,1.1729717959489891,False,False,False,False,False,False,False,False
3,84,2,0.2429567743454695,0.24295677434546947,0.35517821424551643,0.2458698323286458,0.11222143990004693,0.03788058740277834,0.015462588841548941,0.15152234961111335,0.2778344771367639,0.015462588841548941,4.0,1.1424079732044107e-16,0.6236597025101179,False,False,False,False,False,False,False,False
3,84,3,0.0,0.0,0.15507109347619652,0.0,0.15507109347619652,0.0,0.0,0.0,0.07474027449585333,0.0,4.0,,,False,False,False,False,False,False,False,False
3,85,1,0.3374735654485337,0.2777954541443326,0.4603842663603592,0.32535720204980745,0.12291070091182549,0.09474271343069027,0.0288102269245325,0.3628168904399223,0.6236722382350226,0.0288102269245325,4.0,0.2148275301625147,1.0750972152669351,False,False,False,False,False,False,False,False
3,85,2,0.25645163901607615,0.25645163901607615,0.4063598335901959,0.2740262326549743,0.14990819457411975,0.047302643928619235,0.09338790808529485,0.18921057571447694,0.373208970368152,0.08978337728464103,4.0,0.0,0.7378021697986338,False,False,False,False,False,False,False,False
3,85,3,0.0,0.0,0.19455823697301122,0.0,0.19455823697301122,0.0,0.0,0.0,0.1155422356878484,0.0,4.0,,,False,False,False,False,False,False,False,False
3,86,1,0.4065333633126167,0.26005976666217,0.5138269500593599,0.2755895539044839,0.10729358674674316,0.14502881943986767,0.11668479959058065,0.4702334527764597,0.7290971009581492,0.11668479959058065,4.0,0.5632305163171312,1.1566909267785208,False,False,False,False,False,False,False,False
3,86,2,0.26005976666217,0.26005976666217,0.3265182169504404,0.2755895539044839,0.06645845028827041,0.044237321852178726,0.10058360096889851,0.1769492874087149,0.2634156438922432,0.10058360096889851,4.0,0.0,0.6804177734981222,False,False,False,False,False,False,False,False
3,86,3,0.0,0.0,0.11414121596322663,0.0,0.11414121596322663,0.0,0.0,0.0,0.014923683428993004,0.0,4.0,,,False,False,False,False,False,False,False,False
3,87,1,0.4330140201961828,0.29674528532348554,0.5234332258097402,0.30775570316162004,0.09041920561355737,0.12751583459148652,0.0030695458933243103,0.3943891804241878,0.6315129372846033,0.0030695458933243103,4.0,0.45921112015022947,0.9108000250095932,False,False,False,False,False,False,False,False
3,87,2,0.18058187631117276,0.18058187631117278,0.23119898358582056,0.1861231262770835,0.0506171072746478,0.039441078505920456,0.08286528797629211,0.15776431402368182,0.3250998479494682,0.08286528797629211,4.0,-1.5370078206409493e-16,0.873644228570466,False,False,False,False,False,False,False,False
3,87,3,0.0,0.0,0.08642716785660093,0.0,0.08642716785660093,0.0,0.0,0.0,0.09510315829412018,0.0,4.0,,,False,False,False,False,False,False,False,False
3,88,1,0.5320667776685268,0.4616298797357783,0.6329212060178699,0.46512544036820347,0.1008544283493431,0.060341900614174195,0.16594420883222627,0.20285478682771824,0.3871169698632712,0.16594420883222627,4.0,0.1525830563070664,0.3812581340195893,False,False,False,False,False,False,False,False
3,88,2,0.17918540500167265,0.17918540500167268,0.3148943227982741,0.1977378713523823,0.13570891779660146,0.03729080665020418,0.063910328865731,0.1491632266008167,0.318735465084413,0.13082432308647607,4.0,-1.5489864040751431e-16,0.8324518763089231,False,False,False,False,False,False,False,False
3,88,3,0.0,0.0,0.17860656738752717,0.0,0.17860656738752717,0.0,0.0,0.0,0.06071616611606079,0.0,4.0,,,False,False,False,False,False,False,False,False
3,89,1,0.5906836868254606,0.4140542524383518,0.6920636409987204,0.41512765329709933,0.10137995417325985,0.1407895096528018,0.049588063486286416,0.4431964455639543,0.6175018543616798,0.049588063486286416,4.0,0.42658524419672994,0.7503109624473397,False,False,False,False,False,False,False,False
3,89,2,0.17457379745505802,0.17457379745505808,0.26830880144477043,0.200385981981532,0.0937350039897124,0.010310848436706155,0.009664345946777564,0.04124339374682462,0.10403366803479491,0.009664345946777564,4.0,-3.179810031087197e-16,0.2362519137927457,False,False,False,False,False,False,False,False
3,89,3,0.0,0.0,0.13136732085275082,0.0,0.13136732085275082,0.0,0.0,0.0,0.03384381038229274,0.0,4.0,,,False,False,False,False,False,False,False,False
3,90,1,0.4894456602631332,0.3269538984063505,0.6004410482519507,0.36901562759548256,0.11099538798881747,0.07876938506110988,0.02430977349120722,0.2631436506533965,0.4000283733579149,0.02430977349120722,4.0,0.4969867698437163,0.537636089186952,False,False,False,False,False,False,False,False
3,90,2,0.3198528265381888,0.31985282653818886,0.3682903581489213,0.3286321026666967,0.0484375316107325,0.05280244026558838,0.02430977349120722,0.2112097610623535,0.31757722010051087,0.02430977349120722,4.0,-1.7355216720159284e-16,0.6603342022901778,False,False,False,False,False,False,False,False
3,90,3,0.0,0.0,0.06610086284330285,0.0,0.06610086284330285,0.0,0.0,0.0,0.024801363709518125,0.0,4.0,,,False,False,False,False,False,False,False,False
3,91,1,0.5522425196521283,0.440540012763734,0.6522569750674472,0.44062271247376716,0.10001445541531884,0.2649676817169976,0.1771912834877878,0.6839303454680326,1.009047470208491,0.1771912834877878,4.0,0.2535581414900932,1.2384601350487423,False,False,False,False,False,False,False,False
3,91,2,0.2270878032041157,0.2270878032041157,0.2783217338422116,0.2354518285437039,0.05123393063809589,0.04199406942036652,0.09755904895781242,0.16797627768146609,0.32542111682440517,0.09755904895781242,4.0,0.0,0.7396974884224945,False,False,False,False,False,False,False,False
3,91,3,0.0,0.0,0.08360328369108844,0.0,0.08360328369108844,0.0,0.0,0.0,0.0782779875118576,0.0,4.0,,,False,False,False,False,False,False,False,False
3,92,1,0.48505178866339316,0.35340876788665787,0.5854057116229344,0.3624823671567525,0.10035392295954126,0.05293930077288179,0.00024787035843587546,0.21159849173957604,0.36026028098752394,0.00024787035843587546,4.0,0.3724950616362599,0.4362389680546402,False,False,False,False,False,False,False,False
3,92,2,0.30548014744551,0.30548014744551,0.3554807054917268,0.3056355530290915,0.05000055804621678,0.03134226919860696,0.00020487622466225375,0.12536907679442785,0.22514407039161388,0.00020487622466225375,4.0,0.0,0.4104000794905684,False,False,False,False,False,False,False,False
3,92,3,0.0,0.0,0.0869007678646464,0.0,0.0869007678646464,0.0,0.0,0.0,0.03860451255103982,0.0,4.0,,,False,False,False,False,False,False,False,False
3,93,1,0.5952330364825296,0.4389735173192122,0.7791564565155381,0.4445724736950275,0.18392342003300854,0.2047389916508982,0.10996613121782439,0.6295977742761245,0.8463212632253657,0.10996613121782439,4.0,0.3559657086322335,1.0577332501513523,False,False,False,False,False,False,False,False
3,93,2,0.2473875335513489,0.2473875335513489,0.4029777154153911,0.2550020806581509,0.15559018186404222,0.021728598899234314,0.006097246786901156,0.08691439559693726,0.1657477629087425,0.006097246786901156,4.0,0.0,0.35132892247740083,False,False,False,False,False,False,False,False
3,93,3,0.0,0.0,0.18058417828717466,0.0,0.18058417828717466,0.0,0.0,0.0,0.025782298734252224,0.0,4.0,,,False,False,False,False,False,False,False,False
3,94,1,0.376940127174457,0.30688365335534357,0.5813281734346685,0.325274760555859,0.20438804626021145,0.11443641929522978,0.026927391569607106,0.4286693820137052,0.68325393862671,0.026927391569607106,4.0,0.2282834978440327,1.1372346723258429,False,False,False,False,False,False,False,False
3,94,2,0.21158398378578167,0.2115839837857817,0.4395128268069157,0.22683223855194445,0.22792884302113406,0.04325846225748702,0.030337463237607443,0.1730338490299481,0.353945263054087,0.030337463237607443,4.0,-1.311799462275465e-16,0.817802207586451,False,False,False,False,False,False,False,False
3,94,3,0.0,0.0,0.22528988569861347,0.0,0.22528988569861347,0.0,0.0,0.0,0.11389347592928653,0.0,4.0,,,False,False,False,False,False,False,False,False
3,95,1,0.37343589068942473,0.2945588829874255,0.48420485048999506,0.31704464687497325,0.11076895980057033,0.15620032149962493,0.03600367260420345,0.5269333033069827,0.7831268181604966,0.03600367260420345,4.0,0.2677801019002589,1.4110408679095527,False,False,False,False,False,False,False,False
3,95,2,0.20870832403764603,0.20870832403764605,0.31505124675358365,0.2125311169641122,0.10634292271593762,0.05111580701214321,0.0010491490788879787,0.20446322804857284,0.34827641612468363,0.0010491490788879787,4.0,-1.3298739158397183e-16,0.9796601500747643,False,False,False,False,False,False,False,False
3,95,3,0.0,0.0,0.15087067232023949,0.0,0.15087067232023949,0.0,0.0,0.0,0.06446188391174758,0.0,4.0,,,False,False,False,False,False,False,False,False
3,96,1,0.45368461469807375,0.3021782759355882,0.5561121795164574,0.3447370926829907,0.10242756481838367,0.15694837671115663,0.11941025466174349,0.4365371673376607,0.6792846923385928,0.11941025466174349,4.0,0.501380644566191,0.9622040360089692,False,False,False,False,False,False,False,False
3,96,2,0.24246347795443263,0.24246347795443263,0.2933600406604036,0.24946755016510008,0.05089656270597098,0.03124550488533062,0.07072834692087926,0.12498201954132249,0.25397144448530534,0.07072834692087926,4.0,0.0,0.5154674039807801,False,False,False,False,False,False,False,False
3,96,3,0.0,0.0,0.08394265148920875,0.0,0.08394265148920875,0.0,0.0,0.0,0.04850568126284223,0.0,4.0,,,False,False,False,False,False,False,False,False
3,97,1,0.37978489062274057,0.30149201604045206,0.48417529484907695,0.30219812275939506,0.10439040422633639,0.07399449728950991,0.04938510436839039,0.2789634429821336,0.5023370398554023,0.04938510436839039,4.0,0.2596847359692063,0.7345301244731245,False,False,False,False,False,False,False,False
3,97,2,0.22605420554172964,0.22605420554172972,0.37378689045988006,0.24095992314994774,0.14773268491815042,0.027573238567705192,0.00532652917355092,0.11029295427082077,0.3122145984727025,0.00532652917355092,4.0,-3.683484969781536e-16,0.4879048987675687,False,False,False,False,False,False,False,False
3,97,3,0.0,0.0,0.18795892980068274,0.0,0.18795892980068274,0.0,0.0,0.0,0.13778965375847282,0.0,4.0,,,False,False,False,False,False,False,False,False
3,98,1,0.6039719523887112,0.46298969271649315,0.7049577785785763,0.4691064178754598,0.10098582618986518,0.1578334207048434,0.18274776836071283,0.540449994682954,0.7517273991400303,0.18274776836071283,4.0,0.3045040999617825,0.8948263119594749,False,False,False,False,False,False,False,False
3,98,2,0.2636372416465016,0.2636372416465016,0.3137139001052726,0.2655091203694938,0.05007665845877102,0.055390756161237016,0.04358010527522094,0.22156302464494806,0.3566839885836748,0.04358010527522094,4.0,0.0,0.8404086739081847,False,False,False,False,False,False,False,False
3,98,3,0.0,0.0,0.05470134674915472,0.0,0.05470134674915472,0.0,0.0,0.0,0.02060097917710998,0.0,4.0,,,False,False,False,False,False,False,False,False
3,99,1,0.43732600142442624,0.3879577498038662,0.5513725298842349,0.43316634405660914,0.11404652845980867,0.08694546947394413,0.0789268552986484,0.3071561953123215,0.5066364265254164,0.0789268552986484,4.0,0.1272516186247558,0.702350636165869,False,False,False,False,False,False,False,False
3,99,2,0.19743528352561956,0.19743528352561956,0.2501308529849141,0.21057171784492157,0.052695569459294545,0.01576763044592159,0.011527878514641321,0.06307052178368636,0.1398452335639305,0.011527878514641321,4.0,0.0,0.3194490906459595,False,False,False,False,False,False,False,False
3,99,3,0.0,0.0,0.09457645418772287,0.0,0.09457645418772287,0.0,0.0,0.0,0.04079711090959602,0.0,4.0,,,False,False,False,False,False,False,False,False
4,0,1,1.1937094650196969,0.6687734136444832,1.409859099367242,0.6828985045855269,0.21614963434754508,0.35080563831674055,0.29778460492023173,1.7195060408705323,2.368734658698936,0.29778460492023173,8.0,0.784923623854263,1.4404728212841635,False,False,False,False,False,False,False,False
4,0,2,0.633844409882886,0.49313811606959346,0.8572366888867566,0.5018820529584498,0.2233922790038706,0.15305390838388125,0.28368974138678693,0.9872606587639872,1.4678960108644867,0.28368974138678693,8.0,0.2853283679119129,1.557575713172892,False,False,False,False,False,False,False,False
4,0,3,0.37331290847694387,0.37331290847694387,0.6396038524318104,0.37519656052908235,0.2662909439548665,0.05583029269936635,0.05255067990232298,0.4466423415949308,0.7357795511154878,0.03683076773015914,8.0,0.0,1.196428870936071,False,False,False,False,False,False,False,False
4,0,4,0.0,0.0,0.31418497915235255,0.0,0.31418497915235255,0.0,0.0,0.0,0.12323977476769915,0.0,8.0,,,False,False,False,False,False,False,False,False
4,1,1,0.8813963833068993,0.5851385460375265,1.101684107065893,0.5851968807810166,0.22028772375899364,0.12489184739291122,0.10189226435641308,0.7125682359722558,1.3213557707166206,0.10189226435641308,8.0,0.5063037451140213,0.8084537779685238,False,False,False,False,False,False,False,False
4,1,2,0.4564391161520659,0.3211392518506533,0.7219448206329508,0.325058728480604,0.26550570448088495,0.07107811514809903,0.098488300017614,0.4507008588510441,0.8610127720879391,0.06913173830868846,8.0,0.4213121364694908,0.9874282087183999,False,False,False,False,False,False,False,False
4,1,3,0.24010287500320723,0.24010287500320726,0.5382781736153088,0.24114220906278644,0.29817529861210157,0.015702604702745822,0.045236011124571984,0.12562083762196657,0.3915109555482662,0.045236011124571984,8.0,-1.1559868083736255e-16,0.5231958910125027,False,False,False,False,False,False,False,False
4,1,4,0.0,0.0,0.34671952979444487,0.0,0.34671952979444487,0.0,0.0,0.0,0.21336609774926332,0.0,8.0,,,False,False,False,False,False,False,False,False
4,2,1,1.067918001563759,0.602652273326866,1.2148083007572532,0.6093593935003616,0.14689029919349417,0.21858891183838405,0.24157748350800512,1.280698609501798,1.9046203439742597,0.24157748350800512,8.0,0.772030155413589,1.199248076749772,False,False,False,False,False,False,False,False
4,2,2,0.6377176390456963,0.4487801885182776,0.8345527105391517,0.46956856011588144,0.19683507149345536,0.15250523124381216,0.20484477905266463,0.9386370627238656,1.4218702603914677,0.20573593103585797,8.0,0.4210022085672434,1.4718693748670273,False,False,False,False,False,False,False,False
4,2,3,0.3230974784738114,0.32309747847381143,0.5025956340399993,0.32531591715201436,0.17949815556618792,0.03834018016509748,0.0011731772277583374,0.30672144132077983,0.5489139145805955,0.0011731772277583374,8.0,-1.7180929883288232e-16,0.9493154906983934,False,False,False,False,False,False,False,False
4,2,4,0.0,0.0,0.22039821821673616,0.0,0.22039821821673616,0.0,0.0,0.0,0.11805389724501196,0.0,8.0,,,False,False,False,False,False,False,False,False
4,3,1,0.7763920669411973,0.580696653614672,0.9604770102972373,0.5886847850055879,0.18408494335603998,0.23675071388545602,0.42478795938050773,1.484985490493151,2.142105628225801,0.42478795938050773,8.0,0.3370011039470898,1.912674734485175,False,False,False,False,False,False,False,False
4,3,2,0.6500516394918568,0.5879582933049627,0.825495754074966,0.5951154262606235,0.17544411458310916,0.09008205672780177,0.12537012829885308,0.648157715364453,1.11010073423667,0.12537012829885308,8.0,0.10560841966844657,0.9970865020371545,False,False,False,False,False,False,False,False
4,3,3,0.30573572239499724,0.30573572239499724,0.5118854642559252,0.3160082145058828,0.20614974186092794,0.01776077119006902,0.006002008160961747,0.14208616952055217,0.3794580957660846,0.006002008160961747,8.0,0.0,0.4647352569974896,False,False,False,False,False,False,False,False
4,3,4,0.0,0.0,0.2480964258076317,0.0,0.2480964258076317,0.0,0.0,0.0,0.17478383917871543,0.0,8.0,,,False,False,False,False,False,False,False,False
4,4,1,1.1973743253024223,0.757854254023707,1.3480097018038069,0.7518586317332827,0.1506353765013846,0.31704164702407756,0.16001847564245741,1.4073722965095272,2.130533690256228,0.16001847564245741,8.0,0.5799532943770562,1.1753820561953887,False,False,False,False,False,False,False,False
4,4,2,0.6294373730761611,0.46631718167114,0.7411511670010522,0.4807581774657961,0.11171379392489111,0.12757860849840116,0.08784175143465767,0.8523222275887665,1.3626648953172762,0.08784175143465767,8.0,0.34980523518444584,1.354101716940212,False,False,False,False,False,False,False,False
4,4,3,0.34965609985160623,0.3496560998516063,0.49140682778960826,0.34965951631811587,0.14175072793800203,0.04208501540009999,0.04490476350315209,0.33668012320079993,0.681401963883002,0.04490476350315209,8.0,-1.5875928163363003e-16,0.9628893170852352,False,False,False,False,False,False,False,False
4,4,4,0.0,0.0,0.1915672411827285,0.0,0.1915672411827285,0.0,0.0,0.0,0.2011909974751564,0.0,8.0,,,False,False,False,False,False,False,False,False
4,5,1,0.878953654571662,0.5275859493495438,1.0365158770820497,0.5235720534067456,0.15756222251038776,0.2498103080547136,0.31463686108414457,1.3504954406674685,1.9274711772134863,0.31463686108414457,8.0,0.6659914003686345,1.5364808299541137,False,False,False,False,False,False,False,False
4,5,2,0.5078317482919101,0.43592229944834426,0.6799802095507037,0.44166126258738325,0.17214846125879357,0.16476822375604527,0.12741373257276178,1.0596497194525887,1.5413249786897802,0.12741373257276178,8.0,0.1649593263170217,2.086615740383928,False,False,False,False,False,False,False,False
4,5,3,0.2918254935239054,0.2918254935239054,0.48092618619344196,0.2938414268178968,0.18910069266953655,0.05230568968426424,0.047725950013288276,0.4184455174741139,0.6758973223987492,0.047725950013288276,8.0,0.0,1.4338895221977452,False,False,False,False,False,False,False,False
4,5,4,0.0,0.0,0.2331759478569495,0.0,0.2331759478569495,0.0,0.0,0.0,0.12174806478514145,0.0,8.0,,,False,False,False,False,False,False,False,False
4,6,1,0.8449117152806831,0.5105542894784343,1.0076555900551303,0.5024928801996605,0.16274387477444718,0.2121708174879144,0.32529594538862616,1.2742806260230464,1.8183488583358247,0.32529594538862616,8.0,0.654891032536065,1.5081819827764196,False,False,False,False,False,False,False,False
4,6,2,0.5191251627644474,0.3995706222944855,0.714478913382421,0.4002692353583315,0.19535375061797355,0.12568154651262414,0.16001449600455553,0.8353266536334666,1.2873742438747,0.16001449600455553,8.0,0.2992075337857288,1.609104534993414,False,False,False,False,False,False,False,False
4,6,3,0.2396730411113665,0.23967304111136656,0.4611793402777661,0.24241634636676473,0.22150629916639958,0.031771115326868604,0.05013936063316171,0.25416892261494883,0.4649484429387969,0.05013936063316171,8.0,-2.3161199513241875e-16,1.0604819024966878,False,False,False,False,False,False,False,False
4,6,4,0.0,0.0,0.2651451096945865,0.0,0.2651451096945865,0.0,0.0,0.0,0.09660105193582949,0.0,8.0,,,False,False,False,False,False,False,False,False
4,7,1,0.8085369545545062,0.4768193169038055,0.9585317890242452,0.4883749957189849,0.14999483446973894,0.2646421326173893,0.282614588884472,1.604222076983064,2.2257202129227025,0.282614588884472,8.0,0.6956883370512066,1.9841048302695952,False,False,False,False,False,False,False,False
4,7,2,0.6368233924611928,0.4641080081313653,0.8247327212645417,0.46455110970584845,0.18790932880334887,0.18876496011706054,0.20411869063636967,1.2419876694890064,1.7759097310936829,0.20411869063636967,8.0,0.37214480531208705,1.9502858786153832,False,False,False,False,False,False,False,False
4,7,3,0.32451463745424963,0.3245146374542497,0.551307439758421,0.32931508635307094,0.22679280230417137,0.05471974562186678,0.02246647129261481,0.43775796497493424,0.7365523854469594,0.02246647129261481,8.0,-1.7105900574079292e-16,1.3489621559417324,False,False,False,False,False,False,False,False
4,7,4,0.0,0.0,0.2701916086782695,0.0,0.2701916086782695,0.0,0.0,0.0,0.1554914675803577,0.0,8.0,,,False,False,False,False,False,False,False,False
4,8,1,0.8947104586162058,0.5591441771417598,1.0598619009267858,0.5717184946191018,0.16515144231058,0.25447412424182664,0.493559723991857,1.3180245560602826,1.9452944772579106,0.493559723991857,8.0,0.6001426737372066,1.4731297073455372,False,False,False,False,False,False,False,False
4,8,2,0.624919821359808,0.41781832143499353,0.7252037421940506,0.4221188544540946,0.10028392083424265,0.13968034618473757,0.025120776754551155,0.8016319250792096,1.36527976314762,0.025120776754551155,8.0,0.49567357222039965,1.282775642057378,False,False,False,False,False,False,False,False
4,8,3,0.312733632279951,0.312733632279951,0.4589367240790193,0.3136854146142174,0.14620309179906832,0.01895486519868259,0.0017788134252056942,0.1516389215894607,0.45094671831306243,0.0017788134252056942,8.0,0.0,0.48488203997745116,False,False,False,False,False,False,False,False
4,8,4,0.0,0.0,0.19595299694632212,0.0,0.19595299694632212,0.0,0.0,0.0,0.2241652924016093,0.0,8.0,,,False,False,False,False,False,False,False,False
4,9,1,0.968190837399201,0.5697154558768882,1.2165180793017536,0.5652485524481514,0.24832724190255262,0.31404616498708765,0.14281324178661992,1.5268944957491597,2.2208972294737257,0.14281324178661992,8.0,0.699428771699711,1.5770594357727805,False,False,False,False,False,False,False,False
4,9,2,0.7314176191398575,0.5516633408253969,0.9775927518588291,0.5503717257683738,0.24617513271897162,0.15990092140665757,0.11323216516087253,0.9440080218432858,1.4694570333420587,0.17459332043671916,8.0,0.3258405353625869,1.2906552934196927,False,False,False,False,False,False,False,False
4,9,3,0.36729420701893073,0.3672942070189307,0.6528514086903487,0.36783871307107185,0.285557201671418,0.041125364060928114,0.02890298827409854,0.3290029124874249,0.6111142949247278,0.02890298827409854,8.0,1.5113538457849058e-16,0.8957476219342271,False,False,False,False,False,False,False,False
4,9,4,0.0,0.0,0.3336789318752661,0.0,0.3336789318752661,0.0,0.0,0.0,0.16698547066491204,0.0,8.0,,,False,False,False,False,False,False,False,False
4,10,1,1.0006456764362894,0.618968838726303,1.1531513961975945,0.6290608422571105,0.15250571976130511,0.4021705114628816,0.6869375820874783,1.7633144659579583,2.3659258289766725,0.6869375820874783,8.0,0.6166333647674258,1.7621766700055568,False,False,False,False,False,False,False,False
4,10,2,0.5101475314447113,0.4204556156410356,0.7003826643232471,0.45949053950318386,0.19023513287853588,0.09290150996877851,0.04642536357052762,0.6735444448499068,1.026387119042891,0.01019411075707799,8.0,0.21332077029564564,1.3202934510776991,False,False,False,False,False,False,False,False
4,10,3,0.25011210017520386,0.2501121001752039,0.4457471458105602,0.2572574426829843,0.19563504563535633,0.037104786986671745,0.009530641901877246,0.29683829589337396,0.5318288601048604,0.012540848331378918,8.0,-2.2194508459355698e-16,1.186821012199883,False,False,False,False,False,False,False,False
4,10,4,0.0,0.0,0.24337018927113807,0.0,0.24337018927113807,0.0,0.0,0.0,0.12609326738594256,0.0,8.0,,,False,False,False,False,False,False,False,False
4,11,1,1.0026419542699758,0.6696622613793282,1.1769097171316996,0.6803254045700438,0.17426776286172374,0.37210638560859205,0.5791222793914272,1.6128421287076629,2.2978209286769107,0.5791222793914272,8.0,0.49723526633380394,1.608592301408307,False,False,False,False,False,False,False,False
4,11,2,0.6339815025691697,0.46907071933488864,0.7610132005597121,0.4852799550154381,0.12703169799054237,0.1309146650528702,0.1926675664357358,0.873332414341212,1.3286902729435235,0.1926675664357358,8.0,0.35156912686452424,1.3775361123346468,False,False,False,False,False,False,False,False
4,11,3,0.4181102938841951,0.418110293884195,0.5894337705344181,0.42802298534312777,0.17132347665022307,0.04303387736503067,0.06797792666706837,0.34427101892024536,0.6539725157821736,0.05930944120229409,8.0,1.327667652369087e-16,0.8233976153086507,False,False,False,False,False,False,False,False
4,11,4,0.0,0.0,0.21730457981878037,0.0,0.21730457981878037,0.0,0.0,0.0,0.1406904589331363,0.0,8.0,,,False,False,False,False,False,False,False,False
4,12,1,1.11583703726022,0.6572381324081321,1.2648635267831487,0.6554390362731348,0.14902648952292874,0.3494935357271003,0.2741328095650788,1.5917677497523304,2.2294081139407425,0.2741328095650788,8.0,0.6977667336065444,1.4265234945603624,False,False,False,False,False,False,False,False
4,12,2,0.7080397773852788,0.48592707382394984,0.8787735525974316,0.5013139371066908,0.17073377521215283,0.13356934236113469,0.12498260901733582,0.9388153507794967,1.3960524020674803,0.12498260901733582,8.0,0.4570906119995278,1.325935887735643,False,False,False,False,False,False,False,False
4,12,3,0.3579251810361002,0.35792518103610027,0.5558393735963125,0.36046171179916675,0.1979141925602123,0.06271872581978405,0.05704534964863672,0.5017498065582724,0.8410361142458074,0.06855577223036491,8.0,-1.550914944586114e-16,1.401828742827865,False,False,False,False,False,False,False,False
4,12,4,0.0,0.0,0.24718299659034537,0.0,0.24718299659034537,0.0,0.0,0.0,0.16458833529768763,0.0,8.0,,,False,False,False,False,False,False,False,False
4,13,1,1.0702536893576855,0.6624130197827691,1.2900415168879023,0.6791058594514654,0.21978782753021675,0.26241802374008716,0.27058467705421885,1.3945204474100974,2.056146387265587,0.27058467705421885,8.0,0.6156893922596255,1.302981210227849,False,False,False,False,False,False,False,False
4,13,2,0.6084111936378831,0.5081507734455937,0.784563019781745,0.5356784919948365,0.17615182614386193,0.12025305098566577,0.18841022278890618,0.8083005403977118,1.2400227175507028,0.18841022278890618,8.0,0.19730447227789968,1.3285431774596832,False,False,False,False,False,False,False,False
4,13,3,0.28377447564703484,0.28377447564703484,0.4953032359276082,0.28771115058629093,0.21152876028057338,0.019882663707783275,0.046840718911068446,0.1590613096622662,0.3860468023071879,0.046840718911068446,8.0,0.0,0.5605201429747695,False,False,False,False,False,False,False,False
4,13,4,0.0,0.0,0.260723844919459,0.0,0.260723844919459,0.0,0.0,0.0,0.15411382092056825,0.0,8.0,,,False,False,False,False,False,False,False,False
4,14,1,0.9780123951196751,0.5592111440248164,1.1310009003397106,0.5570127502175546,0.1529885052200355,0.23454062075499948,0.4807697848161361,1.2833274910512713,1.9401020086228504,0.4807697848161361,8.0,0.7489143511708581,1.3121791681323591,False,False,False,False,False,False,False,False
4,14,2,0.6801230607092222,0.4794290636277463,0.8812732108962469,0.4815756254935908,0.20115015018702465,0.11572617157154148,0.31202810570271056,0.8401250727780885,1.3153532107827166,0.3763597704267374,8.0,0.4186104103970326,1.2352545021808532,False,False,False,False,False,False,False,False
4,14,3,0.2617389578529402,0.2617389578529402,0.5074360738725631,0.28259348183922084,0.24569711601962285,0.04200985894490567,0.014910669931637699,0.3360788715592454,0.642851178064254,0.014910669931637699,8.0,0.0,1.2840231133955746,False,False,False,False,False,False,False,False
4,14,4,0.0,0.0,0.28909370493679987,0.0,0.28909370493679987,0.0,0.0,0.0,0.18340773044400094,0.0,8.0,,,False,False,False,False,False,False,False,False
4,15,1,0.9835443721243443,0.5557463338332984,1.1363763333299792,0.5635953029857594,0.15283196120563491,0.18571772377653165,0.14142229310054333,1.082083453297675,1.6600508909135314,0.2061228784265623,8.0,0.7697721284822153,1.1001877332290535,False,False,False,False,False,False,False,False
4,15,2,0.6688070974336131,0.5372110494837337,0.8601521836290954,0.5469104070170239,0.1913450861954823,0.09818753164298219,0.09648798880471299,0.6873915084329242,1.1900589091713343,0.1048102442016865,8.0,0.24496154365466766,1.0277874009869576,False,False,False,False,False,False,False,False
4,15,3,0.26092007475826023,0.2609200747582602,0.44945358749199626,0.267266867466864,0.18853351273373603,0.043776235455543974,0.01920813469008653,0.3502098836443518,0.6980956665818727,0.01920813469008653,8.0,2.1275155345056662e-16,1.3422113418019586,False,False,False,False,False,False,False,False
4,15,4,0.0,0.0,0.2363917147220208,0.0,0.2363917147220208,0.0,0.0,0.0,0.19591968299015036,0.0,8.0,,,False,False,False,False,False,False,False,False
4,16,1,0.9970862624400517,0.5756156304610252,1.1449513333827874,0.5743670700206462,0.1478650709427357,0.2809075180935166,0.2540211226304747,1.3533776287482717,2.020775870564605,0.2540211226304747,8.0,0.7322084559126028,1.3573325395500988,False,False,False,False,False,False,False,False
4,16,2,0.7732710157898506,0.5307057818858756,0.8677594816441616,0.5408671350432922,0.09448846585431103,0.14162898774712532,0.11015910868397594,0.8972396818183612,1.4275558311052565,0.11015910868397594,8.0,0.45706160019966935,1.1603172283677075,False,False,False,False,False,False,False,False
4,16,3,0.37382588120575166,0.3738258812057517,0.5136355673090685,0.38417433626071423,0.1398096861033168,0.04992736942463743,0.04183730189198931,0.39941895539709943,0.7105068597439879,0.04183730189198931,8.0,-1.48494670974118e-16,1.06846255296396,False,False,False,False,False,False,False,False
4,16,4,0.0,0.0,0.19344198401514534,0.0,0.19344198401514534,0.0,0.0,0.0,0.1370225870589134,0.0,8.0,,,False,False,False,False,False,False,False,False
4,17,1,1.0589652862211203,0.5614349518882422,1.2082357053286028,0.5583968178472929,0.1492704191074825,0.17536266573439738,0.11816573952739384,0.957336717420372,1.4444896572635089,0.11816573952739384,8.0,0.8861762750244933,0.9040303113585467,False,False,False,False,False,False,False,False
4,17,2,0.5723573700150615,0.40754349276006563,0.7598532472472708,0.4586683707418351,0.18749587723220928,0.10143207209042962,0.05149270758565061,0.6640235712413987,1.098479990476135,0.05149270758565061,8.0,0.4044080697714078,1.1601555357344748,False,False,False,False,False,False,False,False
4,17,3,0.3428406822788999,0.34284068227889986,0.5712363975644055,0.3437229283614893,0.22839571528550556,0.02486203206017841,0.020305786479230203,0.19889625648142728,0.4236127698818857,0.020305786479230203,8.0,1.619152979811762e-16,0.5801419340299462,False,False,False,False,False,False,False,False
4,17,4,0.0,0.0,0.27556249130841026,0.0,0.27556249130841026,0.0,0.0,0.0,0.14048879843562914,0.0,8.0,,,False,False,False,False,False,False,False,False
4,18,1,1.027045076999281,0.5523411688860311,1.180144750446223,0.5585531071678353,0.1530996734469421,0.2937687843317561,0.29192917406407615,1.340746284892902,2.08850761452213,0.29192917406407615,8.0,0.8594396631173425,1.3054405448397282,False,False,False,False,False,False,False,False
4,18,2,0.5983181518972518,0.4607091425148764,0.7049835136553022,0.4605684184196852,0.10666536175805041,0.09443553742953917,0.09488505632784117,0.6040732394564937,1.0702829424674016,0.11216762037221084,8.0,0.2986895563461322,1.0096187747956378,False,False,False,False,False,False,False,False
4,18,3,0.2917797646807346,0.29177976468073463,0.43722749092269586,0.303007812352009,0.14544772624196128,0.036382999885559,0.00871067554684446,0.291063999084472,0.5782583237602517,0.00871067554684446,8.0,-1.902501747919295e-16,0.9975468977533594,False,False,False,False,False,False,False,False
4,18,4,0.0,0.0,0.19448685893479883,0.0,0.19448685893479883,0.0,0.0,0.0,0.18576606550208105,0.0,8.0,,,False,False,False,False,False,False,False,False
4,19,1,1.0584155007549212,0.5705115067496009,1.2822557884054095,0.5668103030437193,0.22384028765048836,0.22124674407545994,0.1883637708890209,1.197835277924895,1.8936952746784188,0.1883637708890209,8.0,0.855204475690729,1.1317249955906088,False,False,False,False,False,False,False,False
4,19,2,0.7029919128197546,0.5080250034513404,0.9731975306520046,0.507820138364755,0.27020561783225006,0.10855396090355307,0.08039397236579093,0.7085785184245325,1.2192018368001323,0.08039397236579093,8.0,0.38377423954309076,1.0079468988233016,False,False,False,False,False,False,False,False
4,19,3,0.2752200783310112,0.27522007833101125,0.5937467545133552,0.29495806990165063,0.31852667618234404,0.046077796986408265,0.0052825257912556545,0.3686223758912661,0.7604254298369928,0.0052825257912556545,8.0,-2.0169731644540027e-16,1.3393731232352846,False,False,False,False,False,False,False,False
4,19,4,0.0,0.0,0.35833766802645994,0.0,0.35833766802645994,0.0,0.0,0.0,0.23258127464511966,0.0,8.0,,,False,False,False,False,False,False,False,False
4,20,1,0.7902849654693286,0.45661715312324824,0.9471121728065075,0.4613218687709937,0.15682720733717892,0.20646645385299756,0.15539068518048227,1.089465370134627,1.7169513194722674,0.24442931951551472,8.0,0.7307386725702311,1.37857281580401,False,False,False,False,False,False,False,False
4,20,2,0.6363553289446049,0.43491126612499587,0.7750791992273661,0.43890154776686074,0.13872387028276123,0.09632658047525783,0.0840374672586357,0.6258779307122215,1.0249149262513848,0.09347549683792433,8.0,0.4631842826571269,0.9835353021247419,False,False,False,False,False,False,False,False
4,20,3,0.2946743486019463,0.2946743486019463,0.45202213663473223,0.30617949373370507,0.15734778803278593,0.03417853658511394,0.07634210455216195,0.2734282926809115,0.542418492269396,0.07634210455216195,8.0,0.0,0.9278998799120635,False,False,False,False,False,False,False,False
4,20,4,0.0,0.0,0.2137428080690994,0.0,0.2137428080690994,0.0,0.0,0.0,0.15832327750669362,0.0,8.0,,,False,False,False,False,False,False,False,False
4,21,1,0.9137430287401582,0.555201759841792,1.075556343348885,0.5765004608799813,0.16181331460872683,0.30216800796271304,0.3657179389610148,1.4339827322817,2.047167144158834,0.3657179389610148,8.0,0.6457855410986714,1.5693501205244027,False,False,False,False,False,False,False,False
4,21,2,0.6346955845793316,0.41565921950356044,0.7348716629176044,0.419299147653305,0.1001760783382728,0.13254151564234412,0.051961112220987093,0.8241434095227813,1.2553317222333302,0.051961112220987093,8.0,0.5269614020287476,1.2984861239723502,False,False,False,False,False,False,False,False
4,21,3,0.3113993763663915,0.3113993763663915,0.4470961054458483,0.31330573048001387,0.13569672907945685,0.03461094833225747,0.019485919374921057,0.27688758665805974,0.48718275062879074,0.019485919374921057,8.0,0.0,0.8891719369799723,False,False,False,False,False,False,False,False
4,21,4,0.0,0.0,0.17725929538727525,0.0,0.17725929538727525,0.0,0.0,0.0,0.08985078614221281,0.0,8.0,,,False,False,False,False,False,False,False,False
4,22,1,0.8832405682459537,0.6086743118938104,1.1350209488835454,0.6005809626738738,0.2517803806375918,0.18589484248014737,0.02045009382228624,1.1879365874802517,1.7744368953650025,0.02045009382228624,8.0,0.45108895017742134,1.344975117978786,False,False,False,False,False,False,False,False
4,22,2,0.5306860982497678,0.48639169425246354,0.7829339665619058,0.49123907578582116,0.2522478683121381,0.11269583783266668,0.08148044377547103,0.7517065572218691,1.2412457640185646,0.08148044377547103,8.0,0.09106735275440998,1.416480589374847,False,False,False,False,False,False,False,False
4,22,3,0.3250831118626418,0.3250831118626418,0.6080919134233803,0.32808292913812265,0.2830088015607385,0.02648608933320782,0.021492689160627076,0.21188871466566256,0.48695787883711295,0.021492689160627076,8.0,0.0,0.6517985922172187,False,False,False,False,False,False,False,False
4,22,4,0.0,0.0,0.3283237519025706,0.0,0.3283237519025706,0.0,0.0,0.0,0.18480085278515884,0.0,8.0,,,False,False,False,False,False,False,False,False
4,23,1,0.8802206299842921,0.5523459542704832,1.0446618917327002,0.5570105812859216,0.16444126174840812,0.26819433389290304,0.2654722914065166,1.4601193387249274,2.1413457170650316,0.2654722914065166,8.0,0.593603833211475,1.6588106310925521,False,False,False,False,False,False,False,False
4,23,2,0.6553425081485426,0.4969967316652588,0.7556353862977673,0.512687536712571,0.10029287814922472,0.12445650418700736,0.08725303903529547,0.7919466162784138,1.2048357134431407,0.08725303903529547,8.0,0.31860526718701654,1.208446890643187,False,False,False,False,False,False,False,False
4,23,3,0.23852266705562772,0.23852266705562775,0.36483521489744847,0.24748881538627732,0.12631254784182075,0.028201380098375972,0.001548148969506613,0.22561104078700778,0.46007590339300114,0.015223332612718465,8.0,-1.1636451980958195e-16,0.9458683469038659,False,False,False,False,False,False,False,False
4,23,4,0.0,0.0,0.1745968276843769,0.0,0.1745968276843769,0.0,0.0,0.0,0.12167293678280675,0.0,8.0,,,False,False,False,False,False,False,False,False
4,24,1,1.037617167655431,0.5974610442129975,1.1886661666352754,0.6005938367348378,0.15104899897984425,0.25862418709722135,0.2944360518090581,1.2427707963996744,1.794172920737313,0.2944360518090581,8.0,0.7367110001660895,1.1977161087338235,False,False,False,False,False,False,False,False
4,24,2,0.5244449349584352,0.3650611710210966,0.7308613342453092,0.35261176559190743,0.20641639928687394,0.1287207526881294,0.0543972658522085,0.822721723686921,1.264747565355923,0.05077341265231805,8.0,0.43659467669906754,1.5687475821501176,False,False,False,False,False,False,False,False
4,24,3,0.3281097562978861,0.3281097562978861,0.5644741876825596,0.32828335798656627,0.23636443138467356,0.032531044280924806,0.010443665108745837,0.26024835424739845,0.4913720994429697,0.010443665108745837,8.0,0.0,0.7931746900300116,False,False,False,False,False,False,False,False
4,24,4,0.0,0.0,0.28388149495081266,0.0,0.28388149495081266,0.0,0.0,0.0,0.12379833728401268,0.0,8.0,,,False,False,False,False,False,False,False,False
4,25,1,1.0779390456660747,0.5995122667601411,1.2683215670887635,0.5971359572298115,0.19038252142268886,0.21022929055253817,0.2111467889057228,1.1459010868365918,1.848006148319985,0.2111467889057228,8.0,0.7980266717333865,1.0630481300809753,False,False,False,False,False,False,False,False
4,25,2,0.626928324610964,0.4855023761689279,0.8206677521589922,0.5001495282671273,0.1937394275480282,0.11829065158979288,0.19481932876046004,0.8020182395532361,1.3911550318897543,0.19481932876046004,8.0,0.2912981591522176,1.279282189157625,False,False,False,False,False,False,False,False
4,25,3,0.30586487401694307,0.30586487401694307,0.5385952727952603,0.32650854274617724,0.23273039877831725,0.04781004093351767,0.08142351535346215,0.38248032746814137,0.7886519934218281,0.08142351535346215,8.0,0.0,1.2504879113609961,False,False,False,False,False,False,False,False
4,25,4,0.0,0.0,0.26525294055855553,0.0,0.26525294055855553,0.0,0.0,0.0,0.2554638775277952,0.0,8.0,,,False,False,False,False,False,False,False,False
4,26,1,0.9312944707930813,0.5160643036713117,1.0898799952281937,0.503358097946641,0.15858552443511242,0.3217722204928045,0.27607751193492147,1.4330658251120163,2.1065347969751222,0.27607751193492147,8.0,0.8046093561747979,1.538789147853129,False,False,False,False,False,False,False,False
4,26,2,0.5455821049029892,0.3545859706511729,0.7167250346210932,0.3675021662982536,0.17114292971810396,0.14368957879720332,0.05635188926213619,0.9628755531998213,1.4723909515477016,0.07336369882869986,8.0,0.5386454909681422,1.764859119363953,False,False,False,False,False,False,False,False
4,26,3,0.32949947186349976,0.32949947186349976,0.5476428888627523,0.3311112017061604,0.2181434169992525,0.050281581131328135,0.02355695711435679,0.4022526490506251,0.6856484724833338,0.024218196735430464,8.0,0.0,1.2207990707106944,False,False,False,False,False,False,False,False
4,26,4,0.0,0.0,0.26583666175774734,0.0,0.26583666175774734,0.0,0.0,0.0,0.144104803823135,0.0,8.0,,,False,False,False,False,False,False,False,False
4,27,1,1.014749907395537,0.5797517122869627,1.197825562500251,0.5879158700744471,0.1830756551047139,0.29424748925667193,0.2524239162514146,1.3938101651774957,1.9867187813556573,0.2524239162514146,8.0,0.7503180859830926,1.3735504236259128,False,False,False,False,False,False,False,False
4,27,2,0.6049098364956145,0.44989581347393526,0.8067809411014666,0.46381743529742114,0.20187110460585211,0.13311290139427073,0.22324307209980132,0.8653085942543792,1.2994466460763756,0.22324307209980132,8.0,0.34455538011059966,1.4304753238388654,False,False,False,False,False,False,False,False
4,27,3,0.3447946702202106,0.3447946702202106,0.5926705059432782,0.34672062327390685,0.2478758357230676,0.039511811905227026,0.023072345025203056,0.3160944952418162,0.58064582071935,0.023072345025203056,8.0,0.0,0.9167615469227979,False,False,False,False,False,False,False,False
4,27,4,0.0,0.0,0.2868239363560221,0.0,0.2868239363560221,0.0,0.0,0.0,0.11209972187188014,0.0,8.0,,,False,False,False,False,False,False,False,False
4,28,1,1.1986039173278429,0.8377907674635499,1.3625908874038206,0.8376744742247606,0.16398697007597773,0.4908983595441194,0.6107354461622849,1.961351885131308,2.666445740769496,0.6107354461622849,8.0,0.4306721485564605,1.6363636533942996,False,False,False,False,False,False,False,False
4,28,2,0.7810586113874908,0.6621990395332866,0.9615949061779758,0.6625714884090157,0.18053629479048505,0.14944516821173054,0.16146243353359058,0.94335380494763,1.4270748066010166,0.16146243353359058,8.0,0.17949221421096528,1.2077887513100127,False,False,False,False,False,False,False,False
4,28,3,0.2983876312619525,0.29838763126195245,0.5169041119654328,0.30551894136269564,0.21851648070348034,0.04132949038368016,0.03920995526748916,0.3306359230694413,0.589091543541606,0.002522473913564305,8.0,1.8603703845393299e-16,1.108075162737487,False,False,False,False,False,False,False,False
4,28,4,0.0,0.0,0.26550468551756007,0.0,0.26550468551756007,0.0,0.0,0.0,0.13874421311877666,0.0,8.0,,,False,False,False,False,False,False,False,False
4,29,1,0.8848518069607249,0.580559793645115,1.0399604500026145,0.5723813248913947,0.15510864304188965,0.34778679415047287,0.34313480747720027,1.8102994785051965,2.473217975814272,0.34313480747720027,8.0,0.524135526859474,2.0458787158080005,False,False,False,False,False,False,False,False
4,29,2,0.6570795756770051,0.4818411773727649,0.7710607560860724,0.47763497919147524,0.11398118040906724,0.23291719859941773,0.2974798978330817,1.3592790190147932,1.9184385207543748,0.314143865098365,8.0,0.3636849786473755,2.068667280693202,False,False,False,False,False,False,False,False
4,29,3,0.2806918893780261,0.28069188937802614,0.39619486866424136,0.2867435756413215,0.11550297928621528,0.06273285221137374,0.042809414677815294,0.50186281769099,0.8046893293061995,0.031724846648616634,8.0,-1.9776542654746011e-16,1.7879491238704748,False,False,False,False,False,False,False,False
4,29,4,0.0,0.0,0.16727374799332806,0.0,0.16727374799332806,0.0,0.0,0.0,0.11157774330876574,0.0,8.0,,,False,False,False,False,False,False,False,False
4,30,1,0.8110955716624098,0.5362272424460439,1.0551922547686186,0.5589201896270954,0.2440966831062088,0.2885231137902525,0.32787442118887045,1.3567749472818966,2.013890739244457,0.32787442118887045,8.0,0.5125967266462101,1.6727682836451323,False,False,False,False,False,False,False,False
4,30,2,0.6265457143178023,0.47330844221994406,0.9021366445687227,0.4749880847411745,0.2755909302509204,0.13799154045842893,0.11743334434748576,0.8454605237445478,1.3048318033321342,0.11743334434748576,8.0,0.32375774110247035,1.3493995799893153,False,False,False,False,False,False,False,False
4,30,3,0.3041794756061347,0.3041794756061347,0.5848464199008028,0.3123502014855418,0.2806669442946681,0.032436159959435086,0.009403374002387554,0.2594892796754807,0.545141121534622,0.009403374002387554,8.0,0.0,0.8530795155011679,False,False,False,False,False,False,False,False
4,30,4,0.0,0.0,0.3288416085431828,0.0,0.3288416085431828,0.0,0.0,0.0,0.16627881287841761,0.0,8.0,,,False,False,False,False,False,False,False,False
4,31,1,1.0810843203366869,0.6844068634741403,1.2322528977640883,0.694037483311323,0.15116857742740142,0.2717737828388023,0.10806798989915345,1.3626752958985782,1.9163748012514663,0.10806798989915345,8.0,0.5795930433090035,1.2604708719428972,False,False,False,False,False,False,False,False
4,31,2,0.6092109085015368,0.4765569049139913,0.8098842363132798,0.48810023470418673,0.20067332781174296,0.1256877199617491,0.10370131623044054,0.8455817826735847,1.3006432948658748,0.10370131623044054,8.0,0.27835921003282255,1.3879951440026648,False,False,False,False,False,False,False,False
4,31,3,0.23681323682889308,0.23681323682889308,0.44562823381961814,0.2574997989472334,0.20881499699072506,0.032339342945008655,0.04189685187053893,0.25871474356006924,0.48712455334483895,0.04189685187053893,8.0,0.0,1.0924843012343979,False,False,False,False,False,False,False,False
4,31,4,0.0,0.0,0.24629843099866983,0.0,0.24629843099866983,0.0,0.0,0.0,0.11005447314657418,0.0,8.0,,,False,False,False,False,False,False,False,False
4,32,1,1.0734715463563937,0.7141887672599123,1.2284460173907523,0.7342509799258532,0.15497447103435857,0.3913782762030136,0.3360189287301649,1.6981600044806928,2.2982488678142006,0.293551514899105,8.0,0.5030641695401082,1.581932944794516,False,False,False,False,False,False,False,False
4,32,2,0.6473876438668158,0.4846940226253902,0.8005061467843118,0.47243224041560017,0.15311850291749596,0.17953310560267866,0.11848503985722303,1.103721425477933,1.5797120199739452,0.19066414404473475,8.0,0.33566252861997453,1.704884910817045,False,False,False,False,False,False,False,False
4,32,3,0.3249063044838851,0.324906304483885,0.5257629573126404,0.329610031553796,0.20085665282875537,0.057527554907117424,0.02651499930730683,0.4602204392569394,0.7174999589980149,0.041578321955883624,8.0,1.7085279806877714e-16,1.4164712500362262,False,False,False,False,False,False,False,False
4,32,4,0.0,0.0,0.25040609267928005,0.0,0.25040609267928005,0.0,0.0,0.0,0.09776148212993488,0.0,8.0,,,False,False,False,False,False,False,False,False
4,33,1,0.7480614560343589,0.5022989363074095,0.9107628315577422,0.5164430777800513,0.16270137552338326,0.20201892435361024,0.2397831619816655,1.1077085669228888,1.674960716753933,0.2397831619816655,8.0,0.4892754134293876,1.480772145105697,False,False,False,False,False,False,False,False
4,33,2,0.5560046099343461,0.44227601262279204,0.6914006202268568,0.4728255194968194,0.1353960102925107,0.13516577238806013,0.1363321371613977,0.834598464383299,1.315959637168136,0.1363321371613977,8.0,0.2571439419405067,1.5010639290955694,False,False,False,False,False,False,False,False
4,33,3,0.29894151290845417,0.29894151290845417,0.47248635436341446,0.3025205461837699,0.1735448414549603,0.04278522557275896,0.04511030316264231,0.3422818045820717,0.6057110516202058,0.04511030316264231,8.0,0.0,1.144979167503209,False,False,False,False,False,False,False,False
4,33,4,0.0,0.0,0.22295049246335574,0.0,0.22295049246335574,0.0,0.0,0.0,0.09848524909258186,0.0,8.0,,,False,False,False,False,False,False,False,False
4,34,1,0.8130126527354054,0.4473960936112862,0.9674741117089739,0.46333246859942,0.15446145897356856,0.2755310876691694,0.3534102160274255,1.2330137822557314,1.8999786261936564,0.3534102160274255,8.0,0.8172099943317341,1.516598515542433,False,False,False,False,False,False,False,False
4,34,2,0.6149672380502051,0.45339841106398704,0.7537235725960164,0.4695259155406337,0.13875633454581127,0.08900822102003698,0.03215130480417683,0.5936475425882933,0.9491883453629886,0.10446687382490127,8.0,0.3563506687353968,0.9653319817011596,False,False,False,False,False,False,False,False
4,34,3,0.29455877107550504,0.2945587710755051,0.4503847913417243,0.3011474996393936,0.15582602026621928,0.04115137395193274,0.03392454603082351,0.3292109916154619,0.5754690419862981,0.03392454603082351,8.0,-1.884552648986592e-16,1.117641109152626,False,False,False,False,False,False,False,False
4,34,4,0.0,0.0,0.2036395234654656,0.0,0.2036395234654656,0.0,0.0,0.0,0.11804215932661291,0.0,8.0,,,False,False,False,False,False,False,False,False
4,35,1,0.7708377639065525,0.5354975038848515,0.930821461119168,0.5425991586745971,0.15998369721261552,0.23404050103713445,0.23225236673251803,1.3865415714538307,1.969341448760951,0.4174310701195081,8.0,0.4394796582885779,1.7987462944562211,False,False,False,False,False,False,False,False
4,35,2,0.6732440716242678,0.4989860444990306,0.83060927440697,0.5026687455265133,0.15736520278270216,0.11601185146092656,0.13947945249011307,0.7594964682607404,1.2632925036194282,0.13947945249011307,8.0,0.34922424994908996,1.1281146025220543,False,False,False,False,False,False,False,False
4,35,3,0.33733616313402937,0.33733616313402937,0.5423073525561064,0.34092869118135444,0.20497118942207704,0.03742495448807035,0.042128917466379256,0.2993996359045628,0.6265851243942391,0.042128917466379256,8.0,0.0,0.8875408824330709,False,False,False,False,False,False,False,False
4,35,4,0.0,0.0,0.25184292967510047,0.0,0.25184292967510047,0.0,0.0,0.0,0.19507390394137894,0.0,8.0,,,False,False,False,False,False,False,False,False
4,36,1,0.8801884066735209,0.6043923394081778,1.036323011257866,0.6276812705822932,0.15613460458434514,0.24727215849809084,0.36486960597175,1.4505403075178678,2.0504805335438996,0.36486960597175,8.0,0.45631959454582627,1.64798842670499,False,False,False,False,False,False,False,False
4,36,2,0.5906287924184082,0.3975702419578351,0.7250444520272261,0.40592751742255384,0.13441565960881796,0.11163396912410574,0.07060882218397424,0.8186885533681776,1.2283368185392383,0.0485736031383599,8.0,0.48559607859445425,1.386130449238596,False,False,False,False,False,False,False,False
4,36,3,0.32700104732065044,0.3270010473206505,0.4991123895699967,0.33003821602101374,0.17211134224934627,0.0390248758589307,0.045369435609273534,0.3121990068714456,0.5621909924116755,0.045369435609273534,8.0,-1.697583285622469e-16,0.9547339662350063,False,False,False,False,False,False,False,False
4,36,4,0.0,0.0,0.21657056220491455,0.0,0.21657056220491455,0.0,0.0,0.0,0.15218069048918448,0.0,8.0,,,False,False,False,False,False,False,False,False
4,37,1,0.7747715904794504,0.5744235938922264,0.9370627059279047,0.5841461268499053,0.16229111544845432,0.25983172930994686,0.2932385657633776,1.4077403075276416,1.9700675023449912,0.34830696719494325,8.0,0.34878093225539303,1.8169746088088907,False,False,False,False,False,False,False,False
4,37,2,0.6974835993083379,0.5056838652069533,0.8189671082478813,0.5054400522957176,0.1214835089395434,0.17796479475826799,0.2372163702989427,1.1161074973820546,1.5895724806939633,0.2372163702989427,8.0,0.37928782644249437,1.6001917442773517,False,False,False,False,False,False,False,False
4,37,3,0.28079336907811964,0.28079336907811964,0.42295819558281117,0.2839341515235762,0.14216482650469153,0.05119494381404674,0.04349153534693384,0.4095595505123739,0.6737009018479547,0.04349153534693384,8.0,0.0,1.4585798512871229,False,False,False,False,False,False,False,False
4,37,4,0.0,0.0,0.1851406130510258,0.0,0.1851406130510258,0.0,0.0,0.0,0.0753446308671149,0.0,8.0,,,False,False,False,False,False,False,False,False
4,38,1,0.9736557705059976,0.6465096183972854,1.1261733319144092,0.6445592582918456,0.15251756140841155,0.23170577134069836,0.22395897453115543,1.179929620993688,1.7548232804917618,0.22395897453115543,8.0,0.5060190023463476,1.2118550074226873,False,False,False,False,False,False,False,False
4,38,2,0.7683443058926208,0.5499080491012036,0.9696373502424391,0.564454333456577,0.20129304434981832,0.13723031135296426,0.0892760891656752,0.7800177851001788,1.260141444926084,0.09305208391782438,8.0,0.397223239682416,1.0151930314548194,False,False,False,False,False,False,False,False
4,38,3,0.30247303302525813,0.30247303302525813,0.546021035054205,0.30759507191279534,0.24354800202894683,0.03076005685825243,0.036438374210158386,0.24608045486601943,0.49790339643651393,0.013642210102970509,8.0,0.0,0.8135616335935322,False,False,False,False,False,False,False,False
4,38,4,0.0,0.0,0.29095310105588545,0.0,0.29095310105588545,0.0,0.0,0.0,0.1443115550993124,0.0,8.0,,,False,False,False,False,False,False,False,False
4,39,1,1.182388883225014,0.6395257923107391,1.3352164613486375,0.6464010563811957,0.15282757812362346,0.13312645781768773,0.21892042525941724,0.7621867022806811,1.2835530858071529,0.21892042525941724,8.0,0.8488525364282777,0.6446159238251511,False,False,False,False,False,False,False,False
4,39,2,0.7262836820533851,0.5482684776819109,0.8889881185485814,0.5641396850016442,0.16270443649519628,0.10333455747472216,0.20602164560166125,0.5985824540181984,1.0323176757562558,0.20602164560166125,8.0,0.3246861922905467,0.8241716960043168,False,False,False,False,False,False,False,False
4,39,3,0.28801011494834156,0.2880101149483416,0.4645476272965068,0.3001956910124245,0.17653751234816523,0.022956277705228723,0.01745269556819995,0.1836502216418298,0.46626377358775617,0.08517472875973642,8.0,-1.927402835876597e-16,0.6376519855032519,False,False,False,False,False,False,False,False
4,39,4,0.0,0.0,0.22207016279687186,0.0,0.22207016279687186,0.0,0.0,0.0,0.16340798844684928,0.0,8.0,,,False,False,False,False,False,False,False,False
4,40,1,1.1835649553201586,0.7656834993748882,1.337850641532908,0.7704225655774635,0.1542856862127493,0.31374350218109104,0.40384976438650444,1.559881278237109,2.1025111604041626,0.40384976438650444,8.0,0.5457626503463024,1.3179515591648754,False,False,False,False,False,False,False,False
4,40,2,0.674328740259392,0.5663468244579408,0.7745540907208199,0.5663740170399991,0.10022535046142789,0.19276032359864648,0.251150551928641,1.0854359835921592,1.5149517750721326,0.3036265156193245,8.0,0.19066393795851572,1.609654043774892,False,False,False,False,False,False,False,False
4,40,3,0.32518738003699527,0.3251873800369953,0.4689085006398942,0.3335261664399538,0.14372112060289893,0.04235538122499369,0.004076106207035579,0.3388430497999495,0.5719267843001161,0.004076106207035579,8.0,-1.7070512153621255e-16,1.0419932340590852,False,False,False,False,False,False,False,False
4,40,4,0.0,0.0,0.18885855871477153,0.0,0.18885855871477153,0.0,0.0,0.0,0.07776262481038045,0.0,8.0,,,False,False,False,False,False,False,False,False
4,41,1,0.8751171236395849,0.5193894108682108,1.0463574799496766,0.5747199483282743,0.1712403563100917,0.2078070380718272,0.1372531645100823,1.2367327233496865,1.7756417745719033,0.1372531645100823,8.0,0.6848959669330572,1.4132196593367452,False,False,False,False,False,False,False,False
4,41,2,0.7307648115883862,0.4966870480838771,0.894482601466687,0.4936469594577352,0.16371778987830077,0.15542455385434406,0.1490542273618609,1.034549380024452,1.5042845085030159,0.11762785051530855,8.0,0.4712781708472892,1.4157077128218056,False,False,False,False,False,False,False,False
4,41,3,0.28916874052775315,0.2891687405277532,0.497088443416095,0.2933494223708102,0.20791970288834183,0.0679125280420456,0.025071852224459068,0.5433002243363648,0.871384166571244,0.025071852224459068,8.0,-1.9196802230402252e-16,1.8788345633238364,False,False,False,False,False,False,False,False
4,41,4,0.0,0.0,0.2568227517437933,0.0,0.2568227517437933,0.0,0.0,0.0,0.14363188716781478,0.0,8.0,,,False,False,False,False,False,False,False,False
4,42,1,1.0003736072712852,0.7322877135275068,1.1517944223655983,0.730685695234456,0.15142081509431304,0.1674413631696723,0.22653423891841218,0.8425332753651257,1.3678492312270731,0.22653423891841218,8.0,0.3660936661798961,0.8422186163660396,False,False,False,False,False,False,False,False
4,42,2,0.6806303624015579,0.5253428495992216,0.7824981988778416,0.5347685089736264,0.10186783647628361,0.13012409929563934,0.2219933462127126,0.6896343028271545,1.1497660835084051,0.21765652350204023,8.0,0.2955927027860063,1.0132288256930337,False,False,False,False,False,False,False,False
4,42,3,0.31219761996108536,0.3121976199610854,0.4634447124627967,0.32099602367671376,0.15124709250171137,0.02183010173869185,0.06587054979103302,0.1746408139095348,0.48217170081954025,0.06654826356443655,8.0,-1.77807733570093e-16,0.5593918811146072,False,False,False,False,False,False,False,False
4,42,4,0.0,0.0,0.19762610777979261,0.0,0.19762610777979261,0.0,0.0,0.0,0.2355067409028122,0.0,8.0,,,False,False,False,False,False,False,False,False
4,43,1,0.7638358490640089,0.627781232081158,0.9478715035679179,0.6378036237736207,0.18403565450390902,0.1601591421437666,0.17728043806133753,1.0222798954422496,1.5947966793223367,0.17728043806133753,8.0,0.21672297614220828,1.338350244617261,False,False,False,False,False,False,False,False
4,43,2,0.7085038166163344,0.5415844088592645,0.8909867782973803,0.5456277181299516,0.18248296168104583,0.12507300866149834,0.10606596283014325,0.869584420858847,1.3938111473320272,0.10606596283014325,8.0,0.30820571092260785,1.2273531919867415,False,False,False,False,False,False,False,False
4,43,3,0.283576095653579,0.283576095653579,0.513768675892369,0.2883212464584419,0.23019258023878997,0.03955737499189847,0.07334255295975156,0.3164589999351878,0.6701966512927081,0.08211283487758125,8.0,0.0,1.1159579555033405,False,False,False,False,False,False,False,False
4,43,4,0.0,0.0,0.27799084916086925,0.0,0.27799084916086925,0.0,0.0,0.0,0.2132646945987054,0.0,8.0,,,False,False,False,False,False,False,False,False
4,44,1,0.8472384639482934,0.5415948934323411,0.9978191661334976,0.5473465384453478,0.15058070218520425,0.21178724737237622,0.1741464955866281,1.214021812847802,1.844196836421416,0.1741464955866281,8.0,0.5643398307892924,1.4329163092882116,False,False,False,False,False,False,False,False
4,44,2,0.5668665908824144,0.49170423303900146,0.7109784668287642,0.48467459753928543,0.14411187594634978,0.1354076233931117,0.2040164946461469,0.8309567459687284,1.2552558403803764,0.2040164946461469,8.0,0.15286091270532373,1.4658770852507241,False,False,False,False,False,False,False,False
4,44,3,0.24632959437584018,0.24632959437584023,0.4300912045431089,0.2553160844723039,0.18376161016726872,0.03182695642918734,0.00022310558146543258,0.25461565143349874,0.47839085854207825,0.0029844797037617,8.0,-2.2535315487330783e-16,1.033638089969068,False,False,False,False,False,False,False,False
4,44,4,0.0,0.0,0.21643444159295244,0.0,0.21643444159295244,0.0,0.0,0.0,0.09808327126403588,0.0,8.0,,,False,False,False,False,False,False,False,False
4,45,1,1.0136445153774292,0.5811680500990644,1.1565078751523532,0.5805282967256447,0.14286335977492404,0.3304770982038963,0.230318060772166,1.5910697783780146,2.1646047528879553,0.230318060772166,8.0,0.7441504487465304,1.5696526289451502,False,False,False,False,False,False,False,False
4,45,2,0.6433865532637303,0.45827983554407115,0.8298513191844632,0.44893611957222457,0.1864647659207329,0.136485052348435,0.05534316551660057,0.8642760456701305,1.2438907262798973,0.05534316551660057,8.0,0.4039163484029358,1.3433231410975037,False,False,False,False,False,False,False,False
4,45,3,0.29073093494972796,0.290730934949728,0.5230602301239954,0.3028477190257265,0.23232929517426743,0.031115127957454882,0.04811716258878551,0.24892102365963906,0.45930901227860566,0.04811716258878551,8.0,-1.9093651399998621e-16,0.8561903593185964,False,False,False,False,False,False,False,False
4,45,4,0.0,0.0,0.27662634091170746,0.0,0.27662634091170746,0.0,0.0,0.0,0.10698614448615966,0.0,8.0,,,False,False,False,False,False,False,False,False
4,46,1,0.716627452805416,0.4787369682437166,0.9760567788508618,0.5179706010543159,0.2594293260454459,0.20254797334469338,0.10867835468769238,1.2022573229676374,1.8882453916178972,0.10867835468769238,8.0,0.49691271061522346,1.6776601541862552,False,False,False,False,False,False,False,False
4,46,2,0.6361115519419451,0.46349937661341234,0.8762183840851401,0.4648689232812211,0.24010683214319495,0.15078432586004542,0.14402115448270614,0.9477422647578717,1.5473338112658674,0.14402115448270614,8.0,0.3724108036341594,1.4898994710354947,False,False,False,False,False,False,False,False
4,46,3,0.35055234937198004,0.3505523493719801,0.6359099200105695,0.35121744891039647,0.2853575706385894,0.05718522000255859,0.03721272239171114,0.4574817600204687,0.8825339622835241,0.017666422114036795,8.0,-1.5835338525246488e-16,1.3050312195598015,False,False,False,False,False,False,False,False
4,46,4,0.0,0.0,0.33788778958506416,0.0,0.33788778958506416,0.0,0.0,0.0,0.2280874658217812,0.0,8.0,,,False,False,False,False,False,False,False,False
4,47,1,0.8860681410837045,0.5064348729257191,1.0379720028710337,0.5091101918604954,0.1519038617873293,0.17360573465534437,0.062408406305158426,0.9435108093813581,1.4702163617105655,0.062408406305158426,8.0,0.7496191286449339,1.0648287255056914,False,False,False,False,False,False,False,False
4,47,2,0.6512189312577418,0.5066341230302294,0.8326600458286733,0.5095486471127619,0.18144111457093148,0.09726351692370891,0.018772157510699383,0.6015389246653552,1.0232584203153012,0.02633166186469227,8.0,0.2853830834818946,0.9237122813729688,False,False,False,False,False,False,False,False
4,47,3,0.2937870646061198,0.2937870646061198,0.48530621808556745,0.29445720324714153,0.19151915347944765,0.024751420313591593,0.024325559985237444,0.19801136250873275,0.4442973308416629,0.024580641461604102,8.0,0.0,0.6739961909970628,False,False,False,False,False,False,False,False
4,47,4,0.0,0.0,0.23923841298927473,0.0,0.23923841298927473,0.0,0.0,0.0,0.1635902423984353,0.0,8.0,,,False,False,False,False,False,False,False,False
4,48,1,0.8236530935131366,0.55060252481576,1.0130482492434834,0.579380979174702,0.1893951557303467,0.20314702672001544,0.44023384112472774,1.2366767300986545,1.7457850087298863,0.44023384112472774,8.0,0.4959123076828308,1.5014533908005416,False,False,False,False,False,False,False,False
4,48,2,0.696007865949138,0.4657895990634269,0.8899907448948545,0.4636705800468097,0.19398287894571653,0.0906970286442049,0.14064132879577063,0.5577098951347734,0.8717666545243399,0.14064132879577063,8.0,0.4942537732671917,0.801298264602557,False,False,False,False,False,False,False,False
4,48,3,0.2556934206185484,0.2556934206185484,0.5007837033623974,0.2691551869043881,0.24509028274384903,0.023258466789503097,0.03569837769752837,0.18606773431602477,0.37685085161598514,0.03569837769752837,8.0,0.0,0.7276985612923008,False,False,False,False,False,False,False,False
4,48,4,0.0,0.0,0.292033029420657,0.0,0.292033029420657,0.0,0.0,0.0,0.13284860803474327,0.0,8.0,,,False,False,False,False,False,False,False,False
4,49,1,1.0090111824381065,0.5428774185237637,1.218982868137063,0.5762123220822466,0.2099716856989564,0.2845296158651814,0.4607346638569658,1.3245760446825563,2.0279569310578283,0.4607346638569658,8.0,0.8586353898857896,1.3127466451679357,False,False,False,False,False,False,False,False
4,49,2,0.5717945609214063,0.37497266714211575,0.8142740437083649,0.3685193731264593,0.24247948278695852,0.13386480000384207,0.20462745322560272,0.8840276348124166,1.4921208899036729,0.1474554555265768,8.0,0.524896641878952,1.5460581391118322,False,False,False,False,False,False,False,False
4,49,3,0.284041789671852,0.284041789671852,0.5704012948744772,0.28899070725194365,0.2863595052026252,0.060137038794160755,0.05788716647271919,0.48109631035328604,0.8978953613902627,0.05788716647271919,8.0,0.0,1.693751862742054,False,False,False,False,False,False,False,False
4,49,4,0.0,0.0,0.3356566603004312,0.0,0.3356566603004312,0.0,0.0,0.0,0.21407047114668165,0.0,8.0,,,False,False,False,False,False,False,False,False
4,50,1,0.7946403534155418,0.5004916699247813,0.9568024306976853,0.5166215353313162,0.1621620772821435,0.2347737025214687,0.3764663545684601,1.3148772910460347,1.8981537280374425,0.3764663545684601,8.0,0.5877194390367536,1.6546822539207808,False,False,False,False,False,False,False,False
4,50,2,0.574366088186588,0.4735262355135812,0.7205084120298977,0.4746313059504075,0.14614232384330972,0.1059462048936437,0.052662334041172265,0.7133921261800364,1.0883408821281222,0.052662334041172265,8.0,0.21295515456210573,1.2420512646078865,False,False,False,False,False,False,False,False
4,50,3,0.30276963806767376,0.30276963806767376,0.4831578335744864,0.3028651664882949,0.18038819550681262,0.02063799119432123,0.021623532935553413,0.16510392955456984,0.3649971415443376,0.021623532935553413,8.0,0.0,0.5453120418820414,False,False,False,False,False,False,False,False
4,50,4,0.0,0.0,0.2266392846490195,0.0,0.2266392846490195,0.0,0.0,0.0,0.12218433493113345,0.0,8.0,,,False,False,False,False,False,False,False,False
4,51,1,0.8939665749485288,0.5267998128923121,1.0457849784848712,0.5239087450310456,0.15181840353634235,0.19901189652530737,0.10884732619858895,1.1265841202262186,1.7516840501122601,0.10884732619858895,8.0,0.6969758778773001,1.2602083252285836,False,False,False,False,False,False,False,False
4,51,2,0.5728749479532241,0.40842314223823073,0.680480900987283,0.3971567129972271,0.10760595303405884,0.14580837735773725,0.058986430298697545,0.9196356814686633,1.3917823129065494,0.058986430298697545,8.0,0.4026505570026433,1.6052991752464494,False,False,False,False,False,False,False,False
4,51,3,0.27582140835267815,0.2758214083526781,0.4066789543133602,0.27863217296704573,0.13085754596068205,0.0469444936540325,0.03201413792644958,0.37555594923226,0.6736184619732642,0.03201413792644958,8.0,2.0125758751938022e-16,1.3615910072943163,False,False,False,False,False,False,False,False
4,51,4,0.0,0.0,0.18014217138555644,0.0,0.18014217138555644,0.0,0.0,0.0,0.11982018797238633,0.0,8.0,,,False,False,False,False,False,False,False,False
4,52,1,0.8764330681210198,0.5156520166104732,1.0427633593535086,0.5489217955154784,0.16633029123248877,0.24812351754893075,0.18554428607598972,1.438947649099299,2.178422035889085,0.18554428607598972,8.0,0.6996599254707907,1.6418226347669094,False,False,False,False,False,False,False,False
4,52,2,0.6202680571958078,0.36900370397953974,0.8020638902838487,0.3770764788578205,0.18179583308804093,0.12721673029633318,0.1293413480778698,0.9004866647934655,1.4738110837922465,0.1293413480778698,8.0,0.6809263714875881,1.4517701731482162,False,False,False,False,False,False,False,False
4,52,3,0.3323260515496448,0.3323260515496448,0.5558504908625839,0.3453871360156281,0.22352443931293908,0.05220663004759226,0.06196715399494401,0.4176530403807381,0.8168498025195129,0.06196715399494401,8.0,0.0,1.2567568459746425,False,False,False,False,False,False,False,False
4,52,4,0.0,0.0,0.26897800596656046,0.0,0.26897800596656046,0.0,0.0,0.0,0.22575597955673057,0.0,8.0,,,False,False,False,False,False,False,False,False
4,53,1,1.0489919834302355,0.7094716571062865,1.2233466379263942,0.7173550875027093,0.17435465449615872,0.2734684159379471,0.2602206707563801,1.3409148692031716,1.9444904726485812,0.2602206707563801,8.0,0.47855375605664996,1.2782889577652818,False,False,False,False,False,False,False,False
4,53,2,0.6028716928102609,0.4343029070657507,0.8116774067758317,0.44382532706552547,0.2088057139655708,0.11493389354021286,0.09080565113962091,0.7235466377072233,1.131949458860398,0.09080565113962091,8.0,0.3881364434868725,1.2001668785184476,False,False,False,False,False,False,False,False
4,53,3,0.3563192578618531,0.35631925786185314,0.6037493359808088,0.3679804502405536,0.24743007811895573,0.02934477649024762,0.020849911418651335,0.23475821192198096,0.4627834332806325,0.020849911418651335,8.0,-1.557904884635222e-16,0.658842335187502,False,False,False,False,False,False,False,False
4,53,4,0.0,0.0,0.2950884300833944,0.0,0.2950884300833944,0.0,0.0,0.0,0.14181162225591543,0.0,8.0,,,False,False,False,False,False,False,False,False
4,54,1,0.8845496148794294,0.5410844767412573,1.0379590934354224,0.5585590088764945,0.15340947855599296,0.3187647086613401,0.3199717590490889,1.5756816065528745,2.273089238149677,0.40644950430735105,8.0,0.6347717461915189,1.7813377339694523,False,False,False,False,False,False,False,False
4,54,2,0.677154419399508,0.476554909291274,0.8615147395707028,0.4724246259490865,0.18436032017119475,0.13815190552434964,0.16737317107027305,0.8496433733524097,1.3777077084128169,0.16737317107027305,8.0,0.42093682427186185,1.2547261732499104,False,False,False,False,False,False,False,False
4,54,3,0.31292742787980166,0.3129274278798017,0.5367700469337164,0.3265471684722001,0.22384261905391478,0.038058657725595524,0.01578812815404884,0.3044692618047642,0.6007997215950471,0.01578812815404884,8.0,-1.7739305118559365e-16,0.9729708382152864,False,False,False,False,False,False,False,False
4,54,4,0.0,0.0,0.27052744053717587,0.0,0.27052744053717587,0.0,0.0,0.0,0.15447863680182802,0.0,8.0,,,False,False,False,False,False,False,False,False
4,55,1,0.942096465120588,0.6447798133300702,1.0962058131508576,0.6520033305862045,0.15410934803026966,0.26732343773586076,0.12984248823611866,1.4600760065997573,2.0851338908606056,0.12984248823611866,8.0,0.46111346174902346,1.549815821050627,False,False,False,False,False,False,False,False
4,55,2,0.6070645254059843,0.4925897072264791,0.7866912857459541,0.5021903170744312,0.17962676033996983,0.18089944499330232,0.10423753420158244,1.099474663812082,1.6647447143340723,0.09138899910260978,8.0,0.2323938492829142,1.8111331132004302,False,False,False,False,False,False,False,False
4,55,3,0.3066923141908873,0.3066923141908874,0.5216182756798537,0.31332951945497545,0.21492596148896642,0.038939162198422014,0.10360012101045335,0.3115132975873761,0.5844985628115905,0.10360012101045335,8.0,-1.8099948600833638e-16,1.0157192833775683,False,False,False,False,False,False,False,False
4,55,4,0.0,0.0,0.2598729921462747,0.0,0.2598729921462747,0.0,0.0,0.0,0.14677795524232634,0.0,8.0,,,False,False,False,False,False,False,False,False
4,56,1,1.0538778682977896,0.6142996572067148,1.220191166141877,0.6196144902341318,0.16631329784408733,0.2161708508099245,0.19869609850591763,1.0330890614712775,1.6664004851558243,0.19869609850591763,8.0,0.7155761946700138,0.980273988616831,False,False,False,False,False,False,False,False
4,56,2,0.6184630733940281,0.41999976277583917,0.7788279510109037,0.4414667494900584,0.16036487761687568,0.07841772387585538,0.13513509974437543,0.5523497362054368,0.9999517699770231,0.15132378132708046,8.0,0.4725319588433007,0.8931005907502745,False,False,False,False,False,False,False,False
4,56,3,0.25846841366665824,0.25846841366665824,0.4333305030337927,0.26680335997499,0.1748620893671345,0.03188170994952808,0.04876003920181082,0.25505367959622466,0.5624946478109328,0.050478106413364365,8.0,0.0,0.9867885827053611,False,False,False,False,False,False,False,False
4,56,4,0.0,0.0,0.2174874571362525,0.0,0.2174874571362525,0.0,0.0,0.0,0.18117470167291055,0.0,8.0,,,False,False,False,False,False,False,False,False
4,57,1,0.828658884703529,0.45324587393745897,0.9907759564321251,0.4804927856118424,0.16211707172859613,0.192487926794451,0.10291366441520466,1.2201595081060603,1.713012095195805,0.10291366441520466,8.0,0.8282767309159693,1.472450884953221,False,False,False,False,False,False,False,False
4,57,2,0.5676495086818021,0.434513850036075,0.6739263439965087,0.4449139672807756,0.10627683531470666,0.1173981237135351,0.2873852199439373,0.8213838592362372,1.2970387308250184,0.2873852199439373,8.0,0.3064014153626487,1.446991227286813,False,False,False,False,False,False,False,False
4,57,3,0.2835498015029689,0.28354980150296893,0.4365728608764934,0.2901153947718057,0.1530230593735245,0.059859230734051624,0.1887015970596848,0.478873845872413,0.7952240233752453,0.1887015970596848,8.0,-1.9577213927507049e-16,1.6888526930159005,False,False,False,False,False,False,False,False
4,57,4,0.0,0.0,0.19822665601693212,0.0,0.19822665601693212,0.0,0.0,0.0,0.15433132390506016,0.0,8.0,,,False,False,False,False,False,False,False,False
4,58,1,1.1074549924352328,0.65672930810623,1.265085741360825,0.6798179526521515,0.15763074892559215,0.33210680856127445,0.37407073085834597,1.5695244661024432,2.2235269214195688,0.37407073085834597,8.0,0.6863188208072103,1.417235442364249,False,False,False,False,False,False,False,False
4,58,2,0.6426072565032241,0.5516545888981386,0.8014276623952621,0.5706359275790802,0.15882040589203794,0.15894763716809224,0.03855683650744446,1.0078607533720487,1.5296951754044674,0.03855683650744446,8.0,0.1648724934686979,1.5683930474989773,False,False,False,False,False,False,False,False
4,58,3,0.3181345820643299,0.3181345820643299,0.5233924523682579,0.3279824236087855,0.20525787030392806,0.043857392089737025,0.016116334183781778,0.3508591367178962,0.6121544851349698,0.016116334183781778,8.0,0.0,1.1028638711366157,False,False,False,False,False,False,False,False
4,58,4,0.0,0.0,0.25178625530536447,0.0,0.25178625530536447,0.0,0.0,0.0,0.12904021046032804,0.0,8.0,,,False,False,False,False,False,False,False,False
4,59,1,0.804214032229239,0.5640232241957206,0.9826935856483632,0.568433551347967,0.17847955341912414,0.22988452497479944,0.25820744249143823,1.2960660291394337,1.8469247027436677,0.25820744249143823,8.0,0.4258526913958605,1.6115934032471515,False,False,False,False,False,False,False,False
4,59,2,0.6079194270176262,0.4342028369036579,0.7854089658954528,0.45359591803477817,0.1774895388778266,0.10744369694908121,0.03490772453256774,0.738995329522883,1.0813730156035315,0.03490772453256774,8.0,0.4000816561972695,1.2156139394134815,False,False,False,False,False,False,False,False
4,59,3,0.3135673436327534,0.3135673436327535,0.5340829305032153,0.3248045609080328,0.2205155868704619,0.036711080485497746,0.0918502130171528,0.29368864388398197,0.47067284013961325,0.0918502130171528,8.0,-3.5406206901616547e-16,0.9366046874700921,False,False,False,False,False,False,False,False
4,59,4,0.0,0.0,0.26779048278599715,0.0,0.26779048278599715,0.0,0.0,0.0,0.08910440316696908,0.0,8.0,,,False,False,False,False,False,False,False,False
4,60,1,1.0471840537611992,0.6347481644819437,1.2242287571572805,0.6360845892116966,0.17704470339608136,0.24419158055515777,0.16686878264635263,1.3049641639098826,1.9775380284796706,0.16686878264635263,8.0,0.6497630278551011,1.246165045411843,False,False,False,False,False,False,False,False
4,60,2,0.671068077907143,0.41057366802017303,0.8608166128009019,0.41775805918099485,0.18974853489375898,0.11753639156550691,0.03806570488949612,0.7313798362473491,1.2242659678942827,0.03806570488949612,8.0,0.6344644826910109,1.0898742770305812,False,False,False,False,False,False,False,False
4,60,3,0.24110048403322584,0.24110048403322581,0.4722437714075042,0.25671489715108553,0.23114328737427833,0.03435503210915421,0.033717079379831816,0.27484025687323366,0.5687393617076418,0.033717079379831816,8.0,1.151203645522501e-16,1.1399407096808571,False,False,False,False,False,False,False,False
4,60,4,0.0,0.0,0.26951588187473363,0.0,0.26951588187473363,0.0,0.0,0.0,0.15688683300120707,0.0,8.0,,,False,False,False,False,False,False,False,False
4,61,1,0.9212166765461742,0.5494633183906963,1.0717384949964657,0.5721939043842741,0.15052181845029144,0.23773076174742278,0.27224079937603163,1.114104639416626,1.7660048779646518,0.27224079937603163,8.0,0.676575388588802,1.2093839243050044,False,False,False,False,False,False,False,False
4,61,2,0.6226093431045605,0.4776523555364225,0.7241520280124651,0.4720415073300589,0.10154268490790463,0.12155449325525733,0.17941067195754323,0.7376805554646396,1.2412590923715077,0.12030782076709468,8.0,0.3034780125921196,1.1848208891088776,False,False,False,False,False,False,False,False
4,61,3,0.3223276500398654,0.3223276500398654,0.46030078315270967,0.32338249091296273,0.13797313311284426,0.02753474369641072,0.0024177801687872424,0.22027794957128577,0.5211248099979391,0.0022961681507811527,8.0,0.0,0.683397622090571,False,False,False,False,False,False,False,False
4,61,4,0.0,0.0,0.1854920270378413,0.0,0.1854920270378413,0.0,0.0,0.0,0.21141199639224706,0.0,8.0,,,False,False,False,False,False,False,False,False
4,62,1,0.7073777675631356,0.4151488071853011,0.881166011597127,0.4579005147098896,0.1737882440339914,0.10100118397077591,0.06108864396411162,0.6845245966445748,1.26965448943649,0.06108864396411162,8.0,0.7039137661484319,0.9676931167948798,False,False,False,False,False,False,False,False
4,62,2,0.5778289847268112,0.33857387230565483,0.7394173585948978,0.34208376891931275,0.16158837386808655,0.09308824106999636,0.06162910332605165,0.6542847480816969,1.192671239360609,0.06162910332605165,8.0,0.7066555691136251,1.1323155559443472,False,False,False,False,False,False,False,False
4,62,3,0.24800800132380257,0.24800800132380252,0.45323697660535844,0.2567806402667776,0.20522897528155587,0.0358623868773293,0.02519234046366403,0.2868990950186344,0.6654266932768139,0.021262379501165274,8.0,2.2382806576785293e-16,1.1568138668399457,False,False,False,False,False,False,False,False
4,62,4,0.0,0.0,0.24818890905460844,0.0,0.24818890905460844,0.0,0.0,0.0,0.24907144623465668,0.0,8.0,,,False,False,False,False,False,False,False,False
4,63,1,1.0630496789717858,0.7534624218274002,1.2162877566274206,0.7645483477915898,0.1532380776556348,0.23324246948078553,0.10841029889349274,1.2055321942708441,1.7705146173726727,0.10841029889349274,8.0,0.4108861280613467,1.1340318501736173,False,False,False,False,False,False,False,False
4,63,2,0.6684149735904121,0.4587023662696399,0.8392443931639404,0.47560396282392037,0.17082941957352826,0.11600749648531658,0.034483641826047684,0.7272387567898817,1.0981600866470531,0.034483641826047684,8.0,0.4571866699233386,1.0880048854733098,False,False,False,False,False,False,False,False
4,63,3,0.3081908862498476,0.3081908862498476,0.5123264621342458,0.31001083460563283,0.20413557588439823,0.023039269728325876,0.008843825715635578,0.184314157826607,0.38750775975229074,0.008812779459457687,8.0,0.0,0.5980519413451609,False,False,False,False,False,False,False,False
4,63,4,0.0,0.0,0.2470035126909264,0.0,0.2470035126909264,0.0,0.0,0.0,0.1334308052909587,0.0,8.0,,,False,False,False,False,False,False,False,False
4,64,1,0.7088637833277466,0.4674222499036904,0.8792450256089979,0.5049747437337404,0.1703812422812513,0.19764482138875986,0.045527116726833405,1.1013942604387927,1.6037470590988072,0.045527116726833405,8.0,0.5165383836002753,1.5537459894880223,False,False,False,False,False,False,False,False
4,64,2,0.5273421642644838,0.40761849482008405,0.6949999283332788,0.40771971474536195,0.16765776406879507,0.14786888993613148,0.2966979081770611,0.8129418986766535,1.225540882540606,0.2966979081770611,8.0,0.2937150079444843,1.5415833471433353,False,False,False,False,False,False,False,False
4,64,3,0.29037332113371017,0.29037332113371017,0.49278163408762876,0.29719151152108547,0.2024083129539186,0.026976710206980024,0.06658962807335023,0.2158136816558402,0.4010886230328745,0.06658962807335023,8.0,0.0,0.7432283407209542,False,False,False,False,False,False,False,False
4,64,4,0.0,0.0,0.243988727830718,0.0,0.243988727830718,0.0,0.0,0.0,0.09141630614755542,0.0,8.0,,,False,False,False,False,False,False,False,False
4,65,1,0.8015276399536011,0.5062998013346391,0.9657119181335807,0.5242847360488248,0.1641842781799796,0.2553925584467892,0.1428219109184532,1.3297429664929532,1.938900330176494,0.1428219109184532,8.0,0.5831087388158601,1.6590107442457374,False,False,False,False,False,False,False,False
4,65,2,0.5064385440710018,0.34758300833344946,0.6172145946880384,0.3769685700445784,0.11077605061703666,0.12382184871639626,0.14530316861462111,0.7753324227760835,1.1914409036352198,0.14530316861462111,8.0,0.45702906048029884,1.5309506589754813,False,False,False,False,False,False,False,False
4,65,3,0.26733778095697386,0.2673377809569739,0.40119394776379536,0.2682896634031233,0.1338561668068215,0.05570821751805639,0.04625567913369322,0.4456657401444511,0.7148271927215224,0.04960195476415041,8.0,-2.0764424329605678e-16,1.6670510937478675,False,False,False,False,False,False,False,False
4,65,4,0.0,0.0,0.17347935089259614,0.0,0.17347935089259614,0.0,0.0,0.0,0.08935749117492309,0.0,8.0,,,False,False,False,False,False,False,False,False
4,66,1,0.9445622888889749,0.5058362577455591,1.1736229075268294,0.500823307763691,0.22906061863785454,0.19886789678434147,0.28060716811354247,1.1035966551013165,1.7382412314546374,0.28060716811354247,8.0,0.8673281608929259,1.1683683205259052,False,False,False,False,False,False,False,False
4,66,2,0.6603493549381423,0.39220742601465575,0.894332085071496,0.3985738004797976,0.2339827301333537,0.08446874160708034,0.19868286553851755,0.5308108394998515,1.034284812460753,0.19868286553851755,8.0,0.6836737683632405,0.8038333581011445,False,False,False,False,False,False,False,False
4,66,3,0.3152229615295491,0.3152229615295491,0.597966613966801,0.3176272178448445,0.28274365243725186,0.023760280047332553,0.09252427688617804,0.19008224037866042,0.543430678599229,0.09252427688617804,8.0,0.0,0.6030088653958733,False,False,False,False,False,False,False,False
4,66,4,0.0,0.0,0.3297210321158617,0.0,0.3297210321158617,0.0,0.0,0.0,0.2613403765821534,0.0,8.0,,,False,False,False,False,False,False,False,False
4,67,1,0.993192771065607,0.6489170485976834,1.1449794770811534,0.6572144775982118,0.15178670601554645,0.18078011503156066,0.0765884212799155,0.9291766226976741,1.4684412614888067,0.0765884212799155,8.0,0.5305388773679272,0.9355450923195411,False,False,False,False,False,False,False,False
4,67,2,0.678906905916659,0.6300769603005109,0.8655684206950168,0.6339905787177909,0.1866615147783578,0.0965615534588233,0.076508279559373,0.5699812347254838,1.0264078431572643,0.076508279559373,8.0,0.07749838304333342,0.8395572791469782,False,False,False,False,False,False,False,False
4,67,3,0.26655900368258556,0.26655900368258556,0.5055550441299659,0.27081821283289076,0.23899604044738032,0.013964617513724763,0.0029126432447572626,0.1117169401097981,0.3129048985436579,0.0029126432447572626,8.0,0.0,0.41910773437174514,False,False,False,False,False,False,False,False
4,67,4,0.0,0.0,0.27804869706324054,0.0,0.27804869706324054,0.0,0.0,0.0,0.14000681938178905,0.0,8.0,,,False,False,False,False,False,False,False,False
4,68,1,0.9871070467733211,0.5931605494440892,1.238103727011876,0.5954084091445679,0.2509966802385549,0.3205636031752179,0.47562974090374066,1.452450399261934,2.225164190870096,0.47562974090374066,8.0,0.6641481765745192,1.4714213661119513,False,False,False,False,False,False,False,False
4,68,2,0.7479613366936985,0.5561295052062225,0.9895158467961482,0.5558291427220359,0.24155451010244977,0.1759649360264837,0.33483131243664177,0.9784523380521732,1.5511411224258451,0.35643659531800287,8.0,0.3449409349650337,1.3081589783468506,False,False,False,False,False,False,False,False
4,68,3,0.33906018901481577,0.3390601890148158,0.6298522540894587,0.3395813058684358,0.2907920650746429,0.029757806421438496,0.026445714608678728,0.23806245137150797,0.5654997673282017,0.026445714608678728,8.0,-1.6372064025727353e-16,0.7021244577938505,False,False,False,False,False,False,False,False
4,68,4,0.0,0.0,0.33821500955285133,0.0,0.33821500955285133,0.0,0.0,0.0,0.1973442475703251,0.0,8.0,,,False,False,False,False,False,False,False,False
4,69,1,0.7616225076554566,0.5115327924852242,0.9217399405079226,0.5154645769367439,0.16011743285246605,0.25022375281356324,0.13396740919925998,1.3851192042884928,2.0093477324211313,0.13396740919925998,8.0,0.48890260574537125,1.818642687638499,False,False,False,False,False,False,False,False
4,69,2,0.6678080853943053,0.46855829561272433,0.8435017300359224,0.46792135211065267,0.17569364464161719,0.14973644718332446,0.1187604012558725,0.8990877676988708,1.430785208496968,0.1438387533412575,8.0,0.4252401283836538,1.3463265680109386,False,False,False,False,False,False,False,False
4,69,3,0.24356555026773652,0.24356555026773652,0.46847468310100876,0.2559871321682472,0.22490913283327224,0.03330022185563184,0.023576989789301894,0.26640177484505473,0.5630817474192278,0.023576989789301894,8.0,0.0,1.0937580234652058,False,False,False,False,False,False,False,False
4,69,4,0.0,0.0,0.2718630950883433,0.0,0.2718630950883433,0.0,0.0,0.0,0.15629410889331324,0.0,8.0,,,False,False,False,False,False,False,False,False
4,70,1,0.9233890610441515,0.5648312624567347,1.082370280566475,0.5643429032157505,0.15898121952232347,0.4081967367863839,0.4422372809673858,1.6739666137911764,2.404141999759457,0.4422372809673858,8.0,0.6348051576109103,1.8128508170741002,False,False,False,False,False,False,False,False
4,70,2,0.48063187485292125,0.3745337607482274,0.5870079476246739,0.39375385527595186,0.10637607277175265,0.15133255625648814,0.19759852060672367,0.9196369679653239,1.3823540315666676,0.19759852060672367,8.0,0.283280508258416,1.9133915499190377,False,False,False,False,False,False,False,False
4,70,3,0.25266741504971135,0.25266741504971135,0.4011803228596143,0.26088094787218774,0.14851290780990295,0.043839218131312065,0.011666625034885136,0.3507137450504965,0.6198066476804404,0.011666625034885136,8.0,0.0,1.3880450115876435,False,False,False,False,False,False,False,False
4,70,4,0.0,0.0,0.19686669989438998,0.0,0.19686669989438998,0.0,0.0,0.0,0.1094103690514148,0.0,8.0,,,False,False,False,False,False,False,False,False
4,71,1,0.8862657634527772,0.4865439439566446,1.1013422999050488,0.491314589767875,0.21507653645227165,0.29891703475264414,0.4331995121708503,1.3054167227166924,1.9715740272980251,0.4331995121708503,8.0,0.8215533755194606,1.4729404841623996,False,False,False,False,False,False,False,False
4,71,2,0.5985752193400544,0.4395563841553156,0.8305469332288973,0.43811891239131673,0.23197171388884286,0.16409549670472529,0.1985410214173693,0.9537445728383195,1.4867978518893357,0.1985410214173693,8.0,0.3617711877631382,1.5933579306705163,False,False,False,False,False,False,False,False
4,71,3,0.2513040713474406,0.2513040713474406,0.5113743217821003,0.27604191699147107,0.2600702504346597,0.03093093391107682,0.025481176210268686,0.24744747128861455,0.5498687226022712,0.025481176210268686,8.0,0.0,0.9846536507023235,False,False,False,False,False,False,False,False
4,71,4,0.0,0.0,0.29985510347697564,0.0,0.29985510347697564,0.0,0.0,0.0,0.1767599706032647,0.0,8.0,,,False,False,False,False,False,False,False,False
4,72,1,0.9556103101838931,0.6367243506923115,1.1058753767050364,0.634463281738203,0.15026506652114335,0.3450971331349145,0.2341957131520549,1.58637113643046,2.2320797395062075,0.2341957131520549,8.0,0.5008226230783484,1.6600607167216377,False,False,False,False,False,False,False,False
4,72,2,0.5996028855918445,0.47183471372314645,0.7755856721611849,0.47840660037277005,0.1759827865693404,0.16559193248121007,0.20810221128633843,1.050652265617865,1.6290540916912846,0.20810221128633843,8.0,0.27079010541743914,1.7522468468122987,False,False,False,False,False,False,False,False
4,72,3,0.27707222559818157,0.27707222559818157,0.47170181314171805,0.2889714633952124,0.1946295875435365,0.046495829794510765,0.06652380940289326,0.3719666383560861,0.6660513934455957,0.06652380940289326,8.0,0.0,1.3424898058729398,False,False,False,False,False,False,False,False
4,72,4,0.0,0.0,0.2326959988549745,0.0,0.2326959988549745,0.0,0.0,0.0,0.13657555782262581,0.0,8.0,,,False,False,False,False,False,False,False,False
4,73,1,0.9104807999464108,0.6160184016496995,1.0643607367311738,0.6138061862089945,0.15387993678476297,0.27024126624824574,0.3942369153352008,1.3810914049326906,2.0636952201298353,0.3942369153352008,8.0,0.4780090943844211,1.5168814158563024,False,False,False,False,False,False,False,False
4,73,2,0.5450813557934906,0.35648301571197316,0.7298297729455556,0.3485177625517697,0.18474841715206503,0.12768082902599287,0.07443405540072545,0.8614444075315055,1.3524937152739058,0.07668914532268634,8.0,0.5290528069194154,1.5803960241448292,False,False,False,False,False,False,False,False
4,73,3,0.322107612198024,0.322107612198024,0.52957724462937,0.32566833564125475,0.20746963243134597,0.03483236705672545,0.05078991599947269,0.2786589364538036,0.5614635826217929,0.05078991599947269,8.0,0.0,0.8651113041143864,False,False,False,False,False,False,False,False
4,73,4,0.0,0.0,0.2541595592244149,0.0,0.2541595592244149,0.0,0.0,0.0,0.1744651227520274,0.0,8.0,,,False,False,False,False,False,False,False,False
4,74,1,1.0152117136291832,0.5368551213788515,1.1662297305553286,0.5315444984285784,0.15101801692614547,0.1522811228878632,0.2937566924953239,0.8959919089947783,1.5686562136369557,0.2937566924953239,8.0,0.8910347935616727,0.882566559236972,False,False,False,False,False,False,False,False
4,74,2,0.5752313523390462,0.4149248476830132,0.734774295119163,0.41394375724545895,0.15954294278011683,0.10643122152176115,0.24336894323482072,0.7032720717241882,1.29255994033068,0.24336894323482072,8.0,0.38635069832814906,1.2225899524851935,False,False,False,False,False,False,False,False
4,74,3,0.2764651828801329,0.27646518288013283,0.45293504758682934,0.28894714506330266,0.17646986470669646,0.03353649328314585,0.03800764635013598,0.2682919462651668,0.6701111293358955,0.01658628069057011,8.0,2.0078894077351443e-16,0.9704366512635706,False,False,False,False,False,False,False,False
4,74,4,0.0,0.0,0.2235073784495754,0.0,0.2235073784495754,0.0,0.0,0.0,0.2601154413743352,0.0,8.0,,,False,False,False,False,False,False,False,False
4,75,1,0.9704826066760036,0.6213824370362921,1.1986985063254667,0.6029287685203524,0.2282158996494631,0.25273265336664474,0.30392718172819944,1.4107671653753213,2.12838297825767,0.3966208389732433,8.0,0.5618120964357448,1.4536758883369736,False,False,False,False,False,False,False,False
4,75,2,0.7203182213321061,0.5404858550659496,0.8952204759259079,0.5382501721100525,0.17490225459380182,0.1006767899718695,0.13929757848280966,0.704994069983947,1.2342576069380737,0.13929757848280966,8.0,0.33272353860993,0.9787258590795889,False,False,False,False,False,False,False,False
4,75,3,0.3049539051905815,0.3049539051905815,0.513335664418302,0.321905346671007,0.2083817592277205,0.034190724921681175,0.051000644925827565,0.2735257993734494,0.636388576800353,0.04740591800807126,8.0,0.0,0.8969414548159629,False,False,False,False,False,False,False,False
4,75,4,0.0,0.0,0.24928199848950838,0.0,0.24928199848950838,0.0,0.0,0.0,0.2240723978640666,0.0,8.0,,,False,False,False,False,False,False,False,False
4,76,1,0.9247753325413903,0.6364554223070604,1.092598517469547,0.6639151344329588,0.16782318492815662,0.23809876443319739,0.3752760506913462,1.2903494351380536,1.9519733205020515,0.3752760506913462,8.0,0.4530088049045308,1.3953112607275358,False,False,False,False,False,False,False,False
4,76,2,0.8135442247468423,0.6032141242020681,0.955271351958811,0.6058446366548798,0.14172712721196867,0.16793084258577956,0.17316080834882897,1.0199424501489598,1.549525039558353,0.17316080834882897,8.0,0.3486823204330617,1.2537025267020294,False,False,False,False,False,False,False,False
4,76,3,0.2652602586875786,0.26526025868757863,0.4554530335123525,0.2653727192569044,0.19019277482477392,0.04852468452438749,0.07325541314638118,0.3881974761950999,0.7023896283142553,0.04274745116043466,8.0,-2.0927051608073113e-16,1.4634588615564754,False,False,False,False,False,False,False,False
4,76,4,0.0,0.0,0.2332076592768746,0.0,0.2332076592768746,0.0,0.0,0.0,0.1528478993742102,0.0,8.0,,,False,False,False,False,False,False,False,False
4,77,1,0.939677662106059,0.5318169110817501,1.148046846167898,0.5246971947700974,0.20836918406183913,0.3056468135878751,0.17502143005421855,1.5377435624778109,2.189455767757514,0.21537735426866123,8.0,0.7669194839906344,1.6364585692410019,False,False,False,False,False,False,False,False
4,77,2,0.6077555363492642,0.4334729448523287,0.8394996574871096,0.45244711532321924,0.23174412113784548,0.14313109359283152,0.12987606182093003,0.9898903347743248,1.4773626853857431,0.12987606182093003,8.0,0.4020610595577271,1.6287639940238337,False,False,False,False,False,False,False,False
4,77,3,0.2953749401579331,0.2953749401579331,0.5672807996714024,0.3106581536109778,0.27190585951346935,0.06565761839053233,0.09578691708263554,0.5252609471242586,0.882069761289838,0.09578691708263554,8.0,0.0,1.7782854119019322,False,False,False,False,False,False,False,False
4,77,4,0.0,0.0,0.3157091618192512,0.0,0.3157091618192512,0.0,0.0,0.0,0.16341828037037448,0.0,8.0,,,False,False,False,False,False,False,False,False
4,78,1,0.6530917128050242,0.4568652569598506,0.8332512269422119,0.48088038485762863,0.18015951413718767,0.23503881060543663,0.2289544070008378,1.424643894774345,2.0837622231383692,0.37805742271630116,8.0,0.4295061899671177,2.1813841254477255,False,False,False,False,False,False,False,False
4,78,2,0.5795674035624985,0.45598547231892195,0.7760996054275618,0.46126283558968106,0.19653220186506337,0.14167354755323827,0.0939318144649186,0.9362026898157718,1.478861276243479,0.0939318144649186,8.0,0.2710216415779619,1.6153473850687585,False,False,False,False,False,False,False,False
4,78,3,0.31050961441879943,0.31050961441879943,0.5493420985957509,0.3138782046815266,0.23883248417695147,0.04687006935678745,0.031065546698532565,0.3749605548542996,0.6868220244095725,0.023558682900016947,8.0,0.0,1.2075650396724014,False,False,False,False,False,False,False,False
4,78,4,0.0,0.0,0.2869424821007479,0.0,0.2869424821007479,0.0,0.0,0.0,0.1700627622875157,0.0,8.0,,,False,False,False,False,False,False,False,False
4,79,1,0.8648997968716851,0.6341566816053237,1.0299845992338037,0.6319704769212704,0.16508480236211864,0.2595265675499443,0.45017483851209183,1.497434666475496,2.1578867815328295,0.45017483851209183,8.0,0.3638582103751571,1.7313389041038851,False,False,False,False,False,False,False,False
4,79,2,0.6007022014599941,0.48403038182437297,0.7783344769663298,0.5026677277699962,0.17763227550633576,0.1290808655735773,0.032136914535554784,0.905100769871003,1.3212907696632852,0.032136914535554784,8.0,0.2410423477879012,1.5067378938701648,False,False,False,False,False,False,False,False
4,79,3,0.3203673119102395,0.3203673119102395,0.4868175726169711,0.3250718622992732,0.16645026070673163,0.035531245657914844,0.0778575186701218,0.28424996526331875,0.5232511658811613,0.0778575186701218,8.0,0.0,0.8872626972097575,False,False,False,False,False,False,False,False
4,79,4,0.0,0.0,0.21417270549620504,0.0,0.21417270549620504,0.0,0.0,0.0,0.13012482493705094,0.0,8.0,,,False,False,False,False,False,False,False,False
4,80,1,0.9320922727668508,0.5435465110073017,1.143127835851574,0.5351676210963634,0.21103556308472315,0.2215747128649243,0.18973513814997522,1.1397498617655384,1.8040145991445737,0.18973513814997522,8.0,0.7148344325483669,1.222786514882556,False,False,False,False,False,False,False,False
4,80,2,0.7522244681062222,0.551322728912722,0.9788176543045262,0.5418597397269229,0.22659318619830393,0.07202776428057892,0.025898782213584326,0.52886339832218,0.9840458819741285,0.025921781236370567,8.0,0.3643995225622273,0.7030659341002701,False,False,False,False,False,False,False,False
4,80,3,0.3328252782135648,0.3328252782135648,0.6023570668472129,0.33517589756395677,0.26953178863364813,0.025714376876301747,0.022445847011955067,0.20571501501041398,0.5342082468063902,0.01747085375585744,8.0,0.0,0.6180871119963801,False,False,False,False,False,False,False,False
4,80,4,0.0,0.0,0.3186059353049955,0.0,0.3186059353049955,0.0,0.0,0.0,0.22539986958411956,0.0,8.0,,,False,False,False,False,False,False,False,False
4,81,1,0.9677255674946167,0.583242637493093,1.1233898693896198,0.5991637907608236,0.15566430189500313,0.2367234036341582,0.20110040829265463,1.2533494345913012,1.8739300179753242,0.20110040829265463,8.0,0.659216088271799,1.2951496547064965,False,False,False,False,False,False,False,False
4,81,2,0.7395726878381461,0.474782173100589,0.9246412074486525,0.4686038575307845,0.1850685196105064,0.16034544236487813,0.1759729511503103,1.0309741909587213,1.5567953672942851,0.1759729511503103,8.0,0.55770947128939,1.3940133375833206,False,False,False,False,False,False,False,False
4,81,3,0.33568990221930306,0.33568990221930306,0.5406000659902259,0.34146048873360924,0.20491016377092286,0.05081963147754529,0.10944533577217408,0.40655705182036234,0.7274594701012659,0.055405426578407635,8.0,0.0,1.2111089703102311,False,False,False,False,False,False,False,False
4,81,4,0.0,0.0,0.25294157611847695,0.0,0.25294157611847695,0.0,0.0,0.0,0.17631141348680698,0.0,8.0,,,False,False,False,False,False,False,False,False
4,82,1,1.238603325406511,0.7124366817134922,1.393022659635707,0.7151286333183284,0.15441933422919596,0.46380724218006786,0.27961978014764854,1.9782026858642476,2.708894475999905,0.27961978014764854,8.0,0.7385451327794177,1.597123667672214,False,False,False,False,False,False,False,False
4,82,2,0.6225419406025867,0.4544745159198995,0.7522395861364792,0.45306134050862823,0.1296976455338925,0.1468009012930449,0.047591611637655795,0.942625524464599,1.4143549992879265,0.047591611637655795,8.0,0.3698060480740109,1.5141558551897545,False,False,False,False,False,False,False,False
4,82,3,0.3002145029929631,0.30021450299296315,0.45797326590602594,0.3002674987879411,0.15775876291306284,0.042742529053326636,0.02714919764468071,0.3419402324266131,0.6064275450584922,0.02714919764468071,8.0,-1.849049618784039e-16,1.1389863881247204,False,False,False,False,False,False,False,False
4,82,4,0.0,0.0,0.20153497449721514,0.0,0.20153497449721514,0.0,0.0,0.0,0.11647928458578943,0.0,8.0,,,False,False,False,False,False,False,False,False
4,83,1,0.8577304717919007,0.5293436406819991,1.0180555591078377,0.5295713079601267,0.1603250873159371,0.17122768705727198,0.1634462788853921,0.9650707991220957,1.5559906877154852,0.1634462788853921,8.0,0.6203660644469298,1.1251445889592198,False,False,False,False,False,False,False,False
4,83,2,0.6752549663410669,0.5188028876285014,0.8166379427482027,0.5212056617500623,0.14138297640713582,0.1199580742598696,0.19763943400564177,0.7896172268398007,1.3042014286440176,0.19763943400564177,8.0,0.3015636235714169,1.1693615985061416,False,False,False,False,False,False,False,False
4,83,3,0.35474796831938465,0.3547479683193846,0.5395744471153361,0.3574514233957281,0.18482647879595143,0.04318208568402248,0.027616129021303948,0.34545668547217984,0.6861682290914988,0.027616129021303948,8.0,1.5648053319161044e-16,0.9738087778452342,False,False,False,False,False,False,False,False
4,83,4,0.0,0.0,0.22890654831293195,0.0,0.22890654831293195,0.0,0.0,0.0,0.18161695306491155,0.0,8.0,,,False,False,False,False,False,False,False,False
4,84,1,0.9663319926266898,0.6142342697777583,1.1175447155474392,0.6302249224833605,0.1512127229207494,0.32927621139039903,0.44065976888700886,1.6738656557561855,2.3470231387691562,0.47356544097901665,8.0,0.5732303457707223,1.7321848686870784,False,False,False,False,False,False,False,False
4,84,2,0.6768960806075979,0.5170452441319862,0.8705261534058353,0.5230575512838129,0.1936300727982374,0.22316505156991095,0.4339405046407503,1.2489479124001246,1.8512089997529086,0.4339405046407503,8.0,0.30916218317406396,1.8451102734692149,False,False,False,False,False,False,False,False
4,84,3,0.29372778289259666,0.2937277828925967,0.49911617643722894,0.2955153656304001,0.2053883935446323,0.06471150773097913,0.04222498453112866,0.517692061847833,0.9017486284709121,0.045312966880513006,8.0,-1.889884255571282e-16,1.762489257058568,False,False,False,False,False,False,False,False
4,84,4,0.0,0.0,0.25357417867271015,0.0,0.25357417867271015,0.0,0.0,0.0,0.15618093995868337,0.0,8.0,,,False,False,False,False,False,False,False,False
4,85,1,0.7978240152514061,0.49346798122606494,0.9635680161352171,0.5016725001433284,0.16574400088381103,0.23545257874315387,0.1788796598915776,1.1770205983569764,1.7755412134186477,0.1788796598915776,8.0,0.6167695688566087,1.4752885045533253,False,False,False,False,False,False,False,False
4,85,2,0.5136166067778398,0.3911575553237001,0.682775923405793,0.3827400357273477,0.16915931662795314,0.08862129529665097,0.10501144134808671,0.6467559976014964,1.023122087655789,0.10501144134808671,8.0,0.3130683526048716,1.2592194042535014,False,False,False,False,False,False,False,False
4,85,3,0.2857611326772793,0.2857611326772793,0.47788782932811275,0.2883093681052956,0.19212669665083343,0.03808993901012997,0.06518672681701343,0.30471951208103976,0.5396359311120875,0.06518672681701343,8.0,0.0,1.066343449951155,False,False,False,False,False,False,False,False
4,85,4,0.0,0.0,0.24151653499952191,0.0,0.24151653499952191,0.0,0.0,0.0,0.11563282236658275,0.0,8.0,,,False,False,False,False,False,False,False,False
4,86,1,1.014319121472883,0.6519280778973635,1.1690206392299534,0.6404541820334657,0.1547015177570703,0.2290398411039284,0.324870491156783,1.1803801132885285,1.7300742368512716,0.16332323681465954,8.0,0.5558758026565205,1.1637167123247267,False,False,False,False,False,False,False,False
4,86,2,0.6002097506928744,0.4104065622877877,0.7846426085143396,0.4245687722880662,0.18443285782146523,0.10337356466136186,0.0937988204764788,0.691957476370243,1.1364824976475294,0.0937988204764788,8.0,0.46247600756440094,1.1528594388402658,False,False,False,False,False,False,False,False
4,86,3,0.266957118546491,0.266957118546491,0.4862900867646279,0.27451683654114634,0.21933296821813691,0.047895213686067736,0.024244508683178623,0.3831617094885419,0.7219382556366378,0.024244508683178623,8.0,0.0,1.435293097163894,False,False,False,False,False,False,False,False
4,86,4,0.0,0.0,0.26389861526448993,0.0,0.26389861526448993,0.0,0.0,0.0,0.15714297086373333,0.0,8.0,,,False,False,False,False,False,False,False,False
4,87,1,0.8385501375427084,0.41917610712771114,0.9942371482633141,0.43179569946673946,0.15568701072060576,0.18258481242330943,0.14575955151424536,1.0727988603437826,1.7334896416963899,0.37519278530838074,8.0,1.0004721721584808,1.2793496921812189,False,False,False,False,False,False,False,False
4,87,2,0.6581693377428421,0.43233492606972956,0.8099460370638423,0.4370859563964804,0.15177669932100013,0.10615340144369681,0.07118209504405248,0.7392436538564212,1.231536674763954,0.04783599730843191,8.0,0.5223598605047436,1.1231815453324205,False,False,False,False,False,False,False,False
4,87,3,0.27512145428096557,0.2751214542809657,0.4503528858430579,0.3083529729600606,0.1752314315620923,0.019817189270597835,0.024572966035913968,0.15853751416478268,0.4360596378587951,0.024572966035913968,8.0,-4.035392396157334e-16,0.576245551547854,False,False,False,False,False,False,False,False
4,87,4,0.0,0.0,0.21349623904788873,0.0,0.21349623904788873,0.0,0.0,0.0,0.19869669353781916,0.0,8.0,,,False,False,False,False,False,False,False,False
4,88,1,0.8593295125227807,0.4778289051721403,1.0118934318182395,0.4891103329704285,0.15256391929545887,0.19582953616691123,0.20605279217206052,1.212499066694912,1.7591665680752817,0.20605279217206052,8.0,0.7984042053990076,1.410982689440413,False,False,False,False,False,False,False,False
4,88,2,0.6400203940513485,0.47002305154433255,0.8293133726470359,0.46554266611936956,0.1892929785956874,0.1103392143326392,0.0686928475452473,0.7261747849303226,1.0790626458800712,0.0686928475452473,8.0,0.3616787345821948,1.1346119462437974,False,False,False,False,False,False,False,False
4,88,3,0.272862804925379,0.27286280492537907,0.4958435289447187,0.27827967994346614,0.22298072401933972,0.03488940731756313,0.01671503835057253,0.27911525854050506,0.5344386332747606,0.01671503835057253,8.0,-2.0343978816181522e-16,1.022914275974096,False,False,False,False,False,False,False,False
4,88,4,0.0,0.0,0.27275416081036075,0.0,0.27275416081036075,0.0,0.0,0.0,0.1384780702346702,0.0,8.0,,,False,False,False,False,False,False,False,False
4,89,1,1.0809779920266969,0.6433707897257972,1.233465490856396,0.6491955179838738,0.15248749882969914,0.31171810209083495,0.1323566976758923,1.5956821730897917,2.333645190737922,0.035867362033910055,8.0,0.6801788475466948,1.4761467715897616,False,False,False,False,False,False,False,False
4,89,2,0.6004111760557823,0.3825581384974275,0.742431652897489,0.39066909810330475,0.1420204768417067,0.11153101035148949,0.15080512652605105,0.7837913778232015,1.3377272416149566,0.24090718025878344,8.0,0.5694638687181394,1.3054243643032752,False,False,False,False,False,False,False,False
4,89,3,0.3598418351738799,0.3598418351738799,0.5404115926677306,0.37098751882751213,0.18056975749385074,0.04334218360175325,0.03889013990156709,0.346737468814026,0.7232905216422163,0.03889013990156709,8.0,0.0,0.963582982635908,False,False,False,False,False,False,False,False
4,89,4,0.0,0.0,0.2213794764309775,0.0,0.2213794764309775,0.0,0.0,0.0,0.1903365174936545,0.0,8.0,,,False,False,False,False,False,False,False,False
4,90,1,1.0210292628132156,0.5498315648022785,1.172601310133204,0.552061736411323,0.1515720473199884,0.2350970699540764,0.11584893792726536,1.2300178467055303,1.921570673548405,0.11584893792726536,8.0,0.8569855355255598,1.2046842255201322,False,False,False,False,False,False,False,False
4,90,2,0.742395239144428,0.517743093690691,0.9393271262455696,0.5290497705611064,0.19693188710114162,0.1356671011657299,0.09144950676168939,0.7890851742497795,1.2701268015873715,0.09079280510444221,8.0,0.433906599994066,1.0628909408944478,False,False,False,False,False,False,False,False
4,90,3,0.36661416585949996,0.3666141658595,0.6099401953338701,0.36690639696259764,0.24332602947437015,0.0301749067750579,0.021717714820602918,0.2413992542004632,0.5429682388205977,0.022823899847328466,8.0,-1.514157291252399e-16,0.6584558827248816,False,False,False,False,False,False,False,False
4,90,4,0.0,0.0,0.2875334669514594,0.0,0.2875334669514594,0.0,0.0,0.0,0.18004294473286792,0.0,8.0,,,False,False,False,False,False,False,False,False
4,91,1,1.1264651237138177,0.6832790457768212,1.2772637207806246,0.6829370764102989,0.15079859706680687,0.1931476652205392,0.15568437523584278,1.098173259507722,1.6159405630877741,0.15568437523584278,8.0,0.6486165215752189,0.9748843851349602,False,False,False,False,False,False,False,False
4,91,2,0.6761883427941895,0.443281528178471,0.8722436006070373,0.43458022741797353,0.19605525781284783,0.14188427266743714,0.09684662191779969,0.9707981122630878,1.474348622292035,0.09684662191779969,8.0,0.525415113895626,1.4356918787619033,False,False,False,False,False,False,False,False
4,91,3,0.30833486730430365,0.3083348673043036,0.5428715958102288,0.3160053176754893,0.23453672850592516,0.044430108853025556,0.05192337453015661,0.35544087082420445,0.6730798202844914,0.05192337453015661,8.0,1.800352704725815e-16,1.152775467567898,False,False,False,False,False,False,False,False
4,91,4,0.0,0.0,0.2780763432146912,0.0,0.2780763432146912,0.0,0.0,0.0,0.14778751845399818,0.0,8.0,,,False,False,False,False,False,False,False,False
4,92,1,0.8303548109095003,0.5271333111039744,1.054518774797911,0.5413272043220065,0.22416396388841076,0.20844685902622354,0.07525405837558008,1.1206697358964386,1.7709462853805218,0.07525405837558008,8.0,0.5752273541023039,1.3496275582108712,False,False,False,False,False,False,False,False
4,92,2,0.4445444853598606,0.33901586765206015,0.6715352706437782,0.3455383952368706,0.22699078528391758,0.06814394200010239,0.07729886583826495,0.4873148751864094,0.9199201896708837,0.07729886583826495,8.0,0.3112792874229323,1.0962117206153756,False,False,False,False,False,False,False,False
4,92,3,0.3176129487003089,0.3176129487003089,0.5798824432310702,0.3218542930513657,0.2622694945307613,0.025537966740638473,0.004226539574118338,0.20430373392510778,0.49186819858228326,0.004226539574118338,8.0,0.0,0.6432474959258773,False,False,False,False,False,False,False,False
4,92,4,0.0,0.0,0.3097493463877794,0.0,0.3097493463877794,0.0,0.0,0.0,0.1925471140696121,0.0,8.0,,,False,False,False,False,False,False,False,False
4,93,1,0.7184824352561971,0.4856064834633568,0.912116090047618,0.4900182247304088,0.1936336547914208,0.16281950203275247,0.25020864022599687,1.020195709697707,1.6114949482806376,0.25020864022599687,8.0,0.47955692463569194,1.4199313158350555,False,False,False,False,False,False,False,False
4,93,2,0.6354475611740242,0.4387839842280332,0.8345620398331124,0.447580500158949,0.19911447865908816,0.13335406874261732,0.20729601956319632,0.8502763475330972,1.416323985060507,0.20729601956319632,8.0,0.44820135651028276,1.3380747672745255,False,False,False,False,False,False,False,False
4,93,3,0.3761113444699658,0.3761113444699658,0.6086683286339235,0.37771196530371764,0.2325569841639577,0.0474695528438005,0.0634578671389594,0.379756422750404,0.7869089443822145,0.0634578671389594,8.0,0.0,1.0096914871992895,False,False,False,False,False,False,False,False
4,93,4,0.0,0.0,0.28159679454208364,0.0,0.28159679454208364,0.0,0.0,0.0,0.25383056671930293,0.0,8.0,,,False,False,False,False,False,False,False,False
4,94,1,1.0238335377486005,0.5977165772379185,1.1803718987744292,0.6237869988604159,0.15653836102582863,0.26395712613150735,0.3307047023739673,1.2454391910762825,1.9345849464004794,0.3307047023739673,8.0,0.7129080516384407,1.2164469566165907,False,False,False,False,False,False,False,False
4,94,2,0.7045375691989678,0.4902779557544015,0.8537632162654273,0.5020727741486781,0.14922564706645947,0.08553953496391105,0.06469135042375163,0.564838793683066,0.9764963342904888,0.06469135042375163,8.0,0.4370166166555059,0.8017156477904592,False,False,False,False,False,False,False,False
4,94,3,0.24009189146341858,0.24009189146341858,0.4294217502603328,0.2443596076887662,0.18932985879691422,0.03865727213547311,0.06536127589499285,0.3092581770837849,0.6240536437988907,0.06536127589499285,8.0,0.0,1.288082555386527,False,False,False,False,False,False,False,False
4,94,4,0.0,0.0,0.238819900460277,0.0,0.238819900460277,0.0,0.0,0.0,0.17926281624368,0.0,8.0,,,False,False,False,False,False,False,False,False
4,95,1,1.1118220472566431,0.5753620914108497,1.260714287850656,0.5797838768985897,0.14889224059401296,0.2959846005429666,0.19897980427761386,1.517827084267501,2.146299866101314,0.19897980427761386,8.0,0.93238668979796,1.3651708814487462,False,False,False,False,False,False,False,False
4,95,2,0.6864980930373021,0.5248881180297382,0.7889804360788156,0.5269465340556108,0.10248234304151349,0.158247842959129,0.3554750467333263,1.0625791862380174,1.5272847819221622,0.3759069897320608,8.0,0.30789413868653753,1.5478254011410344,False,False,False,False,False,False,False,False
4,95,3,0.34228481603909966,0.34228481603909966,0.48840015192234026,0.3550421360888013,0.1461153358832406,0.03726716160104007,0.02784792149586579,0.2981372928083206,0.5587385809270622,0.02784792149586579,8.0,0.0,0.8710210878132086,False,False,False,False,False,False,False,False
4,95,4,0.0,0.0,0.1931401851461062,0.0,0.1931401851461062,0.0,0.0,0.0,0.1125154085327906,0.0,8.0,,,False,False,False,False,False,False,False,False
4,96,1,1.0456657108823983,0.5611263708359819,1.1969859970918642,0.565612686031759,0.1513202862094658,0.32310265074033095,0.22313563320832142,1.4748494319145946,2.132890753856498,0.22313563320832142,8.0,0.8635119738260314,1.4104406566703083,False,False,False,False,False,False,False,False
4,96,2,0.5731432341063634,0.43587518828145666,0.6771557035466854,0.42611181903482764,0.10401246944032205,0.13638592039241199,0.11519206850047903,0.8616528926910273,1.339778883872368,0.11519206850047903,8.0,0.3149251196566594,1.5033814261709013,False,False,False,False,False,False,False,False
4,96,3,0.24009292132011473,0.24009292132011473,0.3109759790044638,0.24620901017686359,0.07088305768434905,0.05403691939066565,0.062420579682022304,0.4322953551253252,0.7024120318380945,0.062420579682022304,8.0,0.0,1.8005335298867386,False,False,False,False,False,False,False,False
4,96,4,0.0,0.0,0.11634054986353709,0.0,0.11634054986353709,0.0,0.0,0.0,0.07497879439225466,0.0,8.0,,,False,False,False,False,False,False,False,False
4,97,1,0.9453071716118612,0.5764892839984281,1.0955179571094333,0.576594695428265,0.15021078549757216,0.30215124477518696,0.4789366400323787,1.5597968952023913,2.170633696479456,0.4789366400323787,8.0,0.6397653830707435,1.6500423799205417,False,False,False,False,False,False,False,False
4,97,2,0.7153317314907659,0.5425344921373654,0.8233866584012131,0.5460976719252646,0.10805492691044716,0.16543275733154372,0.15754528906430654,1.0980212412208978,1.5352401727284448,0.10996612831316854,8.0,0.31850000664962264,1.5349818732808052,False,False,False,False,False,False,False,False
4,97,3,0.32055539946553246,0.32055539946553246,0.45498006252811335,0.32516449314685936,0.13442466306258088,0.03272029211113739,0.025335727276510678,0.2617623368890991,0.4528494800452725,0.025335727276510678,8.0,0.0,0.8165900101060222,False,False,False,False,False,False,False,False
4,97,4,0.0,0.0,0.1825800572084329,0.0,0.1825800572084329,0.0,0.0,0.0,0.083030820895071,0.0,8.0,,,False,False,False,False,False,False,False,False
4,98,1,1.0365358915806464,0.6040789494412466,1.2134897670473657,0.6199320412922749,0.17695387546671926,0.15670019129971618,0.08856860181319925,0.8331562596427057,1.3502966977699438,0.08856860181319925,8.0,0.7158947394863012,0.8037891079412594,False,False,False,False,False,False,False,False
4,98,2,0.6112190637971204,0.4015745598819922,0.8208317928297746,0.3995388920709353,0.20961272903265415,0.07102932321847141,0.024944247093406702,0.48757859000631665,0.9146979244236033,0.024944247093406702,8.0,0.5220562377674894,0.7977149583281923,False,False,False,False,False,False,False,False
4,98,3,0.26087388652089755,0.2608738865208976,0.5182782257026177,0.27028167737954434,0.2574043391817202,0.024742637721686243,0.05829361781282483,0.19794110177348995,0.4531434915222296,0.05829361781282483,8.0,-2.1278922153372006e-16,0.7587616545806845,False,False,False,False,False,False,False,False
4,98,4,0.0,0.0,0.30256090400019353,0.0,0.30256090400019353,0.0,0.0,0.0,0.17895335720050393,0.0,8.0,,,False,False,False,False,False,False,False,False
4,99,1,0.7878468068400464,0.6306118122819917,0.9480797219765544,0.6333438584436171,0.16023291513650806,0.22431514002256558,0.21868997915484423,1.3475801905562532,1.9172302563741415,0.21868997915484423,8.0,0.24933721743820372,1.7104596716730076,False,False,False,False,False,False,False,False
4,99,2,0.6553529466390533,0.5085739823067099,0.7993876938710784,0.5073316507018042,0.14403474723202514,0.16444675622586685,0.18562945172111478,1.0962816598402445,1.5540014627451737,0.18562945172111478,8.0,0.28860887390779694,1.6728110638129778,False,False,False,False,False,False,False,False
4,99,3,0.26922587400472636,0.2692258740047264,0.45643801288696106,0.27891444455181275,0.1872121388822347,0.06909528047948997,0.07031599630538743,0.5527622438359198,0.8678191515088283,0.07031599630538743,8.0,-2.0618802496777593e-16,2.053154236677177,False,False,False,False,False,False,False,False
4,99,4,0.0,0.0,0.2289051525993116,0.0,0.2289051525993116,0.0,0.0,0.0,0.13855867990012635,0.0,8.0,,,False,False,False,False,False,False,False,False
